unique_id,filename,drive_path,drive_url,file_type,width,height,file_size_bytes,exif_date,estimated_date,date_confidence,date_source,source_folder,people_visible,people_count,family_grouping,location,location_confidence,event,era,theme,technical_quality,duplicate_group,near_duplicate_group,burst_group,technical_score,emotional_score,story_score,uniqueness_score,hero_score,candidate_status,notes
P001,IMG_0011.JPG,15 YEARS OF US/01- DIGITAL PHOTOS 2013-2026,https://drive.google.com/file/d/1rQpp_sduUhg3Dy1MSrQTNExYRRfY6Ckj/view?usp=drivesdk,image/jpeg,1536,2056,1350362,2013:11:01 13:12:24,2013-11-01,HIGH,EXIF DateTimeOriginal,01- DIGITAL PHOTOS 2013-2026,UNKNOWN,UNKNOWN,UNKNOWN,UNKNOWN,UNKNOWN,UNKNOWN,2013-2016 FAMILY GROWING,UNKNOWN,GOOD,,,,,,,,,NOT_REVIEWED,
P002,IMG_0050.JPG,15 YEARS OF US/01- DIGITAL PHOTOS 2013-2026,https://drive.google.com/file/d/1PzfxVfthDi8Em9tOYEW6jG8QK8tbT1io/view?usp=drivesdk,image/jpeg,1536,2048,746386,2014:05:10 10:55:11,2014-05-10,HIGH,EXIF DateTimeOriginal,01- DIGITAL PHOTOS 2013-2026,UNKNOWN,UNKNOWN,UNKNOWN,UNKNOWN,UNKNOWN,UNKNOWN,2013-2016 FAMILY GROWING,UNKNOWN,GOOD,,,,,,,,,NOT_REVIEWED,
P003,IMG_1038.JPG,15 YEARS OF US/01- DIGITAL PHOTOS 2013-2026,https://drive.google.com/file/d/1_awnwERtc-yayVpKRtOVpmRiQdOSjEAs/view?usp=drivesdk,image/jpeg,1536,2048,786707,2014:12:25 18:24:38,2014-12-25,HIGH,EXIF DateTimeOriginal,01- DIGITAL PHOTOS 2013-2026,UNKNOWN,UNKNOWN,UNKNOWN,UNKNOWN,UNKNOWN,UNKNOWN,2013-2016 FAMILY GROWING,UNKNOWN,GOOD,,,,,,,,,NOT_REVIEWED,
P004,IMG_1109.JPG,15 YEARS OF US/01- DIGITAL PHOTOS 2013-2026,https://drive.google.com/file/d/1SZV_sj9wVQGJoK2pc--owwjyT_hSwcWe/view?usp=drivesdk,image/jpeg,960,1280,345717,2015:01:11 13:36:54,2015-01-11,HIGH,EXIF DateTimeOriginal,01- DIGITAL PHOTOS 2013-2026,UNKNOWN,UNKNOWN,UNKNOWN,UNKNOWN,UNKNOWN,UNKNOWN,2013-2016 FAMILY GROWING,UNKNOWN,GOOD,,,,,,,,,NOT_REVIEWED,
P005,IMG_0109.JPG,15 YEARS OF US/01- DIGITAL PHOTOS 2013-2026,https://drive.google.com/file/d/1EbfdkB_si9Enh449Kzd4A0TDdVJKkHnB/view?usp=drivesdk,image/jpeg,2048,1536,774308,2015:07:29 18:17:16,2015-07-29,HIGH,EXIF DateTimeOriginal,01- DIGITAL PHOTOS 2013-2026,UNKNOWN,UNKNOWN,UNKNOWN,UNKNOWN,UNKNOWN,UNKNOWN,2013-2016 FAMILY GROWING,UNKNOWN,GOOD,,,,,,,,,NOT_REVIEWED,
P006,IMG_0053(1).JPG,15 YEARS OF US/01- DIGITAL PHOTOS 2013-2026,https://drive.google.com/file/d/1AOR2eR_QYko18FUW0D_cFFkQcsQRw5F5/view?usp=drivesdk,image/jpeg,960,1280,263704,2015:07:30 11:07:39,2015-07-30,HIGH,EXIF DateTimeOriginal,01- DIGITAL PHOTOS 2013-2026,UNKNOWN,UNKNOWN,UNKNOWN,UNKNOWN,UNKNOWN,UNKNOWN,2013-2016 FAMILY GROWING,UNKNOWN,GOOD,,,,,,,,,NOT_REVIEWED,
P007,IMG_1841 (1).JPG,15 YEARS OF US/01- DIGITAL PHOTOS 2013-2026,https://drive.google.com/file/d/1B-EABuIjAqjoAimvM6qqNSDrZCNiAu3s/view?usp=drivesdk,image/jpeg,1536,2048,1226453,2015:08:15 18:26:33,2015-08-15,HIGH,EXIF DateTimeOriginal,01- DIGITAL PHOTOS 2013-2026,UNKNOWN,UNKNOWN,UNKNOWN,UNKNOWN,UNKNOWN,UNKNOWN,2013-2016 FAMILY GROWING,UNKNOWN,GOOD,,,,,,,,,NOT_REVIEWED,
P008, IMG 1155.JPG,15 YEARS OF US/UNKNOWN,,image/jpeg,1843,1688,792748,2015:12:06 11:44:56,2015-12-06,HIGH,EXIF DateTimeOriginal,UNKNOWN,UNKNOWN,UNKNOWN,UNKNOWN,UNKNOWN,UNKNOWN,UNKNOWN,2013-2016 FAMILY GROWING,UNKNOWN,GOOD,,,,,,,,,NOT_REVIEWED,
P009,IMG_1476.JPG,15 YEARS OF US/01- DIGITAL PHOTOS 2013-2026,https://drive.google.com/file/d/1KX5Z5cilHCtl9wRw3Yz_wh4Q7b5faLdG/view?usp=drivesdk,image/jpeg,1200,1600,1086763,2016:03:27 12:24:47,2016-03-27,HIGH,EXIF DateTimeOriginal,01- DIGITAL PHOTOS 2013-2026,UNKNOWN,UNKNOWN,UNKNOWN,UNKNOWN,UNKNOWN,UNKNOWN,2016-2020 FAMILY OF FIVE,UNKNOWN,GOOD,,,,,,,,,NOT_REVIEWED,
P010,IMG_1884.JPG,15 YEARS OF US/01- DIGITAL PHOTOS 2013-2026,https://drive.google.com/file/d/186efZHr3lPxbMLhQxOYe4Jco7-Lo_IWF/view?usp=drivesdk,image/jpeg,1536,2048,757562,2016:08:06 16:34:38,2016-08-06,HIGH,EXIF DateTimeOriginal,01- DIGITAL PHOTOS 2013-2026,UNKNOWN,UNKNOWN,UNKNOWN,UNKNOWN,UNKNOWN,UNKNOWN,2016-2020 FAMILY OF FIVE,UNKNOWN,GOOD,,,,,,,,,NOT_REVIEWED,
P011,IMG_1908.JPG,15 YEARS OF US/01- DIGITAL PHOTOS 2013-2026,https://drive.google.com/file/d/1HAh6ndkQcE1Vz79jRXrsvH_-AVqZ9tEb/view?usp=drivesdk,image/jpeg,1536,2048,1049609,2016:08:18 19:31:00,2016-08-18,HIGH,EXIF DateTimeOriginal,01- DIGITAL PHOTOS 2013-2026,UNKNOWN,UNKNOWN,UNKNOWN,UNKNOWN,UNKNOWN,UNKNOWN,2016-2020 FAMILY OF FIVE,UNKNOWN,GOOD,,,,,,,,,NOT_REVIEWED,
P012,IMG_2116.JPG,15 YEARS OF US/01- DIGITAL PHOTOS 2013-2026,https://drive.google.com/file/d/1crrL50hVlmx5hLtUu_a1MpQ_uWF9lWVg/view?usp=drivesdk,image/jpeg,1537,2049,745415,2016:10:30 15:49:40,2016-10-30,HIGH,EXIF DateTimeOriginal,01- DIGITAL PHOTOS 2013-2026,UNKNOWN,UNKNOWN,UNKNOWN,UNKNOWN,UNKNOWN,UNKNOWN,2016-2020 FAMILY OF FIVE,UNKNOWN,GOOD,,,,,,,,,NOT_REVIEWED,
P013,IMG_0030.JPG,15 YEARS OF US/01- DIGITAL PHOTOS 2013-2026,https://drive.google.com/file/d/1NQRXRszyZFKS9vApvFZqXCD19HDn-F4R/view?usp=drivesdk,image/jpeg,1537,2049,593038,2016:11:01 05:33:31,2016-11-01,HIGH,EXIF DateTimeOriginal,01- DIGITAL PHOTOS 2013-2026,UNKNOWN,UNKNOWN,UNKNOWN,UNKNOWN,UNKNOWN,UNKNOWN,2016-2020 FAMILY OF FIVE,UNKNOWN,GOOD,,,,,,,,,NOT_REVIEWED,
P014,IMG_0053(2).JPG,15 YEARS OF US/01- DIGITAL PHOTOS 2013-2026,https://drive.google.com/file/d/1T_vXlGPoXj47WlD3CRvTvUbtze9JBwm8/view?usp=drivesdk,image/jpeg,1682,2048,631180,2016:11:01 15:47:27,2016-11-01,HIGH,EXIF DateTimeOriginal,01- DIGITAL PHOTOS 2013-2026,UNKNOWN,UNKNOWN,UNKNOWN,UNKNOWN,UNKNOWN,UNKNOWN,2016-2020 FAMILY OF FIVE,UNKNOWN,GOOD,,,,,,,,,NOT_REVIEWED,
P015,IMG_0008.JPG,15 YEARS OF US/01- DIGITAL PHOTOS 2013-2026,https://drive.google.com/file/d/1-AEXFW3Jdf0neiAs_2Oq5af2mMEkHRJb/view?usp=drivesdk,image/jpeg,1537,2049,715403,2016:11:11 19:43:51,2016-11-11,HIGH,EXIF DateTimeOriginal,01- DIGITAL PHOTOS 2013-2026,UNKNOWN,UNKNOWN,UNKNOWN,UNKNOWN,UNKNOWN,UNKNOWN,2016-2020 FAMILY OF FIVE,UNKNOWN,GOOD,,,,,,,,,NOT_REVIEWED,
P016,IMG_0009.JPG,15 YEARS OF US/01- DIGITAL PHOTOS 2013-2026,https://drive.google.com/file/d/1GccCm4zCgyCm8Qy7PcpGANULKVs_vGKo/view?usp=drivesdk,image/jpeg,1537,2049,501927,2016:11:14 18:48:39,2016-11-14,HIGH,EXIF DateTimeOriginal,01- DIGITAL PHOTOS 2013-2026,UNKNOWN,UNKNOWN,UNKNOWN,UNKNOWN,UNKNOWN,UNKNOWN,2016-2020 FAMILY OF FIVE,UNKNOWN,GOOD,,,,,,,,,NOT_REVIEWED,
P017,IMG_0021.JPG,15 YEARS OF US/01- DIGITAL PHOTOS 2013-2026,https://drive.google.com/file/d/1aWFCvUjTotbx8rdt9lpHseUDe7NhuYeE/view?usp=drivesdk,image/jpeg,1536,2089,596909,2016:12:24 16:54:36,2016-12-24,HIGH,EXIF DateTimeOriginal,01- DIGITAL PHOTOS 2013-2026,UNKNOWN,UNKNOWN,UNKNOWN,UNKNOWN,UNKNOWN,UNKNOWN,2016-2020 FAMILY OF FIVE,UNKNOWN,GOOD,,,,,,,,,NOT_REVIEWED,
P018,IMG_0114.JPG,15 YEARS OF US/01- DIGITAL PHOTOS 2013-2026,https://drive.google.com/file/d/1YHXxWcAR8epWak2Am_yIYLV8Bw2sF0I6/view?usp=drivesdk,image/jpeg,960,1280,302397,2017:07:09 14:54:07,2017-07-09,HIGH,EXIF DateTimeOriginal,01- DIGITAL PHOTOS 2013-2026,UNKNOWN,UNKNOWN,UNKNOWN,UNKNOWN,UNKNOWN,UNKNOWN,2016-2020 FAMILY OF FIVE,UNKNOWN,GOOD,,,,,,,,,NOT_REVIEWED,
P019,IMG_0117.JPG,15 YEARS OF US/01- DIGITAL PHOTOS 2013-2026,https://drive.google.com/file/d/1Ph7MfGB3uYUQER7c_6Wblu4YOo11di_p/view?usp=drivesdk,image/jpeg,1537,2049,895338,2017:07:16 15:17:45,2017-07-16,HIGH,EXIF DateTimeOriginal,01- DIGITAL PHOTOS 2013-2026,UNKNOWN,UNKNOWN,UNKNOWN,UNKNOWN,UNKNOWN,UNKNOWN,2016-2020 FAMILY OF FIVE,UNKNOWN,GOOD,,,,,,,,,NOT_REVIEWED,
P020,IMG_0131.JPG,15 YEARS OF US/01- DIGITAL PHOTOS 2013-2026,https://drive.google.com/file/d/19gIGtd8nSJf_723ldu-pA0dTNDSgechm/view?usp=drivesdk,image/jpeg,1537,2049,727560,2017:08:27 13:09:25,2017-08-27,HIGH,EXIF DateTimeOriginal,01- DIGITAL PHOTOS 2013-2026,UNKNOWN,UNKNOWN,UNKNOWN,UNKNOWN,UNKNOWN,UNKNOWN,2016-2020 FAMILY OF FIVE,UNKNOWN,GOOD,,,,,,,,,NOT_REVIEWED,
P021,IMG_0142.JPG,15 YEARS OF US/01- DIGITAL PHOTOS 2013-2026,https://drive.google.com/file/d/1am280ouyhtuBzvqMEKMHyEwhvKpCLQ7i/view?usp=drivesdk,image/jpeg,1536,2136,725490,2017:09:10 13:08:42,2017-09-10,HIGH,EXIF DateTimeOriginal,01- DIGITAL PHOTOS 2013-2026,UNKNOWN,UNKNOWN,UNKNOWN,UNKNOWN,UNKNOWN,UNKNOWN,2016-2020 FAMILY OF FIVE,UNKNOWN,GOOD,,,,,,,,,NOT_REVIEWED,
P022,IMG_0143.JPG,15 YEARS OF US/01- DIGITAL PHOTOS 2013-2026,https://drive.google.com/file/d/1vzbBnLXstguvvStL8nks8Uco0_6xeoNw/view?usp=drivesdk,image/jpeg,960,1280,249918,2017:09:10 13:08:54,2017-09-10,HIGH,EXIF DateTimeOriginal,01- DIGITAL PHOTOS 2013-2026,UNKNOWN,UNKNOWN,UNKNOWN,UNKNOWN,UNKNOWN,UNKNOWN,2016-2020 FAMILY OF FIVE,UNKNOWN,GOOD,,,,,,,,,NOT_REVIEWED,
P023,IMG_0178.JPG,15 YEARS OF US/01- DIGITAL PHOTOS 2013-2026,https://drive.google.com/file/d/1GUxsb2K3wiWMSYB0zMOwr9oy9nZL8YpJ/view?usp=drivesdk,image/jpeg,2049,1537,875955,2017:10:08 16:22:05,2017-10-08,HIGH,EXIF DateTimeOriginal,01- DIGITAL PHOTOS 2013-2026,UNKNOWN,UNKNOWN,UNKNOWN,UNKNOWN,UNKNOWN,UNKNOWN,2016-2020 FAMILY OF FIVE,UNKNOWN,GOOD,,,,,,,,,NOT_REVIEWED,
P024,IMG_0182.JPG,15 YEARS OF US/01- DIGITAL PHOTOS 2013-2026,https://drive.google.com/file/d/1crRqsnXzq-4H--cuSM7yzH6152s_xUCk/view?usp=drivesdk,image/jpeg,1537,2049,553052,2017:10:08 19:15:35,2017-10-08,HIGH,EXIF DateTimeOriginal,01- DIGITAL PHOTOS 2013-2026,UNKNOWN,UNKNOWN,UNKNOWN,UNKNOWN,UNKNOWN,UNKNOWN,2016-2020 FAMILY OF FIVE,UNKNOWN,GOOD,,,,,,,,,NOT_REVIEWED,
P025,IMG_0225.JPG,15 YEARS OF US/01- DIGITAL PHOTOS 2013-2026,https://drive.google.com/file/d/15yEWoXltiVoEB3vlh7cr7b9PK50Z3lE6/view?usp=drivesdk,image/jpeg,1537,2049,1175950,2017:10:28 12:02:19,2017-10-28,HIGH,EXIF DateTimeOriginal,01- DIGITAL PHOTOS 2013-2026,UNKNOWN,UNKNOWN,UNKNOWN,UNKNOWN,UNKNOWN,UNKNOWN,2016-2020 FAMILY OF FIVE,UNKNOWN,GOOD,,,,,,,,,NOT_REVIEWED,
P026,IMG_0254.JPG,15 YEARS OF US/01- DIGITAL PHOTOS 2013-2026,https://drive.google.com/file/d/11II0SpG2qCyzTnUf9VXfdwQdHRM-4pfH/view?usp=drivesdk,image/jpeg,1537,2049,761114,2017:10:28 18:13:34,2017-10-28,HIGH,EXIF DateTimeOriginal,01- DIGITAL PHOTOS 2013-2026,UNKNOWN,UNKNOWN,UNKNOWN,UNKNOWN,UNKNOWN,UNKNOWN,2016-2020 FAMILY OF FIVE,UNKNOWN,GOOD,,,,,,,,,NOT_REVIEWED,
P027,IMG_0322.JPG,15 YEARS OF US/01- DIGITAL PHOTOS 2013-2026,https://drive.google.com/file/d/1z0BJ9_w-LyQJk99oUQx4wMNd8kMSSwI-/view?usp=drivesdk,image/jpeg,1537,2049,585919,2017:11:23 17:13:57,2017-11-23,HIGH,EXIF DateTimeOriginal,01- DIGITAL PHOTOS 2013-2026,UNKNOWN,UNKNOWN,UNKNOWN,UNKNOWN,UNKNOWN,UNKNOWN,2016-2020 FAMILY OF FIVE,UNKNOWN,GOOD,,,,,,,,,NOT_REVIEWED,
P028,IMG_0376.JPG,15 YEARS OF US/01- DIGITAL PHOTOS 2013-2026,https://drive.google.com/file/d/1TJMSqn2mxDPZNqeQEuKHxt3JKPXk2xZV/view?usp=drivesdk,image/jpeg,1537,2049,758573,2017:12:03 13:16:17,2017-12-03,HIGH,EXIF DateTimeOriginal,01- DIGITAL PHOTOS 2013-2026,UNKNOWN,UNKNOWN,UNKNOWN,UNKNOWN,UNKNOWN,UNKNOWN,2016-2020 FAMILY OF FIVE,UNKNOWN,GOOD,,,,,,,,,NOT_REVIEWED,
P029,IMG_0447.JPG,15 YEARS OF US/01- DIGITAL PHOTOS 2013-2026,https://drive.google.com/file/d/1nSWZYtoCxbxGR_G3oimtTiBRJB8meJCd/view?usp=drivesdk,image/jpeg,1537,2049,835480,2017:12:25 10:25:48,2017-12-25,HIGH,EXIF DateTimeOriginal,01- DIGITAL PHOTOS 2013-2026,UNKNOWN,UNKNOWN,UNKNOWN,UNKNOWN,UNKNOWN,UNKNOWN,2016-2020 FAMILY OF FIVE,UNKNOWN,GOOD,,,,,,,,,NOT_REVIEWED,
P030,IMG_0478.JPG,15 YEARS OF US/01- DIGITAL PHOTOS 2013-2026,https://drive.google.com/file/d/1nBu0QhUonDGMVPaEC8Uw-v7l81TPEMs1/view?usp=drivesdk,image/jpeg,2050,1532,685566,2017:12:31 19:15:15,2017-12-31,HIGH,EXIF DateTimeOriginal,01- DIGITAL PHOTOS 2013-2026,UNKNOWN,UNKNOWN,UNKNOWN,UNKNOWN,UNKNOWN,UNKNOWN,2016-2020 FAMILY OF FIVE,UNKNOWN,GOOD,,,,,,,,,NOT_REVIEWED,
P031,IMG_0525.JPG,15 YEARS OF US/01- DIGITAL PHOTOS 2013-2026,https://drive.google.com/file/d/1rI4XT5nlbhzMJJ-FCZNkHWUf3c9-hrX9/view?usp=drivesdk,image/jpeg,960,1280,234408,2018:02:10 16:03:56,2018-02-10,HIGH,EXIF DateTimeOriginal,01- DIGITAL PHOTOS 2013-2026,UNKNOWN,UNKNOWN,UNKNOWN,UNKNOWN,UNKNOWN,UNKNOWN,2016-2020 FAMILY OF FIVE,UNKNOWN,GOOD,,,,,,,,,NOT_REVIEWED,
P032,IMG_0613.JPG,15 YEARS OF US/01- DIGITAL PHOTOS 2013-2026,https://drive.google.com/file/d/1-FEc6SunK13eXXaiy0qBb3RyKZ6ukUjo/view?usp=drivesdk,image/jpeg,1536,2048,900774,2018:04:01 12:01:14,2018-04-01,HIGH,EXIF DateTimeOriginal,01- DIGITAL PHOTOS 2013-2026,UNKNOWN,UNKNOWN,UNKNOWN,UNKNOWN,UNKNOWN,UNKNOWN,2016-2020 FAMILY OF FIVE,UNKNOWN,GOOD,,,,,,,,,NOT_REVIEWED,
P033,IMG_0759.JPG,15 YEARS OF US/01- DIGITAL PHOTOS 2013-2026,https://drive.google.com/file/d/1N44W-K3Zbn_C7C9V6RPvipumTCi_VdwJ/view?usp=drivesdk,image/jpeg,1537,2049,1057421,2018:05:24 18:43:44,2018-05-24,HIGH,EXIF DateTimeOriginal,01- DIGITAL PHOTOS 2013-2026,UNKNOWN,UNKNOWN,UNKNOWN,UNKNOWN,UNKNOWN,UNKNOWN,2016-2020 FAMILY OF FIVE,UNKNOWN,GOOD,,,,,,,,,NOT_REVIEWED,
P034,IMG_0765.JPG,15 YEARS OF US/01- DIGITAL PHOTOS 2013-2026,https://drive.google.com/file/d/1ooD1fx2szJwIaOA_OqwgQsUw39o6--VZ/view?usp=drivesdk,image/jpeg,1537,2049,836817,2018:05:26 16:05:17,2018-05-26,HIGH,EXIF DateTimeOriginal,01- DIGITAL PHOTOS 2013-2026,UNKNOWN,UNKNOWN,UNKNOWN,UNKNOWN,UNKNOWN,UNKNOWN,2016-2020 FAMILY OF FIVE,UNKNOWN,GOOD,,,,,,,,,NOT_REVIEWED,
P035,IMG_0768.JPG,15 YEARS OF US/01- DIGITAL PHOTOS 2013-2026,https://drive.google.com/file/d/1A4LcloD3zHDkmwyKbUD911zdVlDnqnXg/view?usp=drivesdk,image/jpeg,1750,1337,554920,2018:05:26 16:38:28,2018-05-26,HIGH,EXIF DateTimeOriginal,01- DIGITAL PHOTOS 2013-2026,UNKNOWN,UNKNOWN,UNKNOWN,UNKNOWN,UNKNOWN,UNKNOWN,2016-2020 FAMILY OF FIVE,UNKNOWN,GOOD,,,,,,,,,NOT_REVIEWED,
P036,IMG_0811.JPG,15 YEARS OF US/01- DIGITAL PHOTOS 2013-2026,https://drive.google.com/file/d/1NE0w_M8fr2rQo-EdlboHXJXsJzOVrjxS/view?usp=drivesdk,image/jpeg,1537,2049,1126754,2018:06:08 17:10:18,2018-06-08,HIGH,EXIF DateTimeOriginal,01- DIGITAL PHOTOS 2013-2026,UNKNOWN,UNKNOWN,UNKNOWN,UNKNOWN,UNKNOWN,UNKNOWN,2016-2020 FAMILY OF FIVE,UNKNOWN,GOOD,,,,,,,,,NOT_REVIEWED,
P037,IMG_0864.JPG,15 YEARS OF US/01- DIGITAL PHOTOS 2013-2026,https://drive.google.com/file/d/1L5kT1Nl1JXvms79d76i2Ov8YF4krLzTd/view?usp=drivesdk,image/jpeg,1537,2049,723945,2018:06:17 12:20:37,2018-06-17,HIGH,EXIF DateTimeOriginal,01- DIGITAL PHOTOS 2013-2026,UNKNOWN,UNKNOWN,UNKNOWN,UNKNOWN,UNKNOWN,UNKNOWN,2016-2020 FAMILY OF FIVE,UNKNOWN,GOOD,,,,,,,,,NOT_REVIEWED,
P038,IMG_1348.JPG,15 YEARS OF US/01- DIGITAL PHOTOS 2013-2026,https://drive.google.com/file/d/1kxiEnb9sgzsCeVfHH8IaO2Ud9LDlLPlr/view?usp=drivesdk,image/jpeg,1536,3159,1434342,2018:11:22 19:45:21,2018-11-22,HIGH,EXIF DateTimeOriginal,01- DIGITAL PHOTOS 2013-2026,UNKNOWN,UNKNOWN,UNKNOWN,UNKNOWN,UNKNOWN,UNKNOWN,2016-2020 FAMILY OF FIVE,UNKNOWN,GOOD,,,,,,,,,NOT_REVIEWED,
P039,IMG_1451.JPG,15 YEARS OF US/01- DIGITAL PHOTOS 2013-2026,https://drive.google.com/file/d/1p_i-732k2ZHkA9ZBlkXPBuQmXE1OHYzf/view?usp=drivesdk,image/jpeg,3159,1536,1146851,2018:12:24 19:18:27,2018-12-24,HIGH,EXIF DateTimeOriginal,01- DIGITAL PHOTOS 2013-2026,UNKNOWN,UNKNOWN,UNKNOWN,UNKNOWN,UNKNOWN,UNKNOWN,2016-2020 FAMILY OF FIVE,UNKNOWN,GOOD,,,,,,,,,NOT_REVIEWED,
P040,IMG_1477.JPG,15 YEARS OF US/01- DIGITAL PHOTOS 2013-2026,https://drive.google.com/file/d/19yLGBXsta4CgLx4ArGGoqqRUETRuAXeS/view?usp=drivesdk,image/jpeg,1537,2049,697011,2019:01:06 16:03:10,2019-01-06,HIGH,EXIF DateTimeOriginal,01- DIGITAL PHOTOS 2013-2026,UNKNOWN,UNKNOWN,UNKNOWN,UNKNOWN,UNKNOWN,UNKNOWN,2016-2020 FAMILY OF FIVE,UNKNOWN,GOOD,,,,,,,,,NOT_REVIEWED,
P041,IMG_1766.JPG,15 YEARS OF US/01- DIGITAL PHOTOS 2013-2026,https://drive.google.com/file/d/1Ob8FsRkUEOEm2d9ujktjN55Y5tuGKuO5/view?usp=drivesdk,image/jpeg,1537,2049,984071,2019:05:12 13:01:42,2019-05-12,HIGH,EXIF DateTimeOriginal,01- DIGITAL PHOTOS 2013-2026,UNKNOWN,UNKNOWN,UNKNOWN,UNKNOWN,UNKNOWN,UNKNOWN,2016-2020 FAMILY OF FIVE,UNKNOWN,GOOD,,,,,,,,,NOT_REVIEWED,
P042,IMG_1791.JPG,15 YEARS OF US/01- DIGITAL PHOTOS 2013-2026,https://drive.google.com/file/d/1DXUDS0Ui9c3LjtM7bAylEYGIkBRaMS0l/view?usp=drivesdk,image/jpeg,960,1280,361181,2019:05:30 10:37:18,2019-05-30,HIGH,EXIF DateTimeOriginal,01- DIGITAL PHOTOS 2013-2026,UNKNOWN,UNKNOWN,UNKNOWN,UNKNOWN,UNKNOWN,UNKNOWN,2016-2020 FAMILY OF FIVE,UNKNOWN,GOOD,,,,,,,,,NOT_REVIEWED,
P043,IMG_1853.JPG,15 YEARS OF US/01- DIGITAL PHOTOS 2013-2026,https://drive.google.com/file/d/18ot8PN4w_0f6xfIiiOAswlEYjEJnqK3r/view?usp=drivesdk,image/jpeg,960,1280,327911,2019:06:28 14:59:44,2019-06-28,HIGH,EXIF DateTimeOriginal,01- DIGITAL PHOTOS 2013-2026,UNKNOWN,UNKNOWN,UNKNOWN,UNKNOWN,UNKNOWN,UNKNOWN,2016-2020 FAMILY OF FIVE,UNKNOWN,GOOD,,,,,,,,,NOT_REVIEWED,
P044,IMG_1992.JPG,15 YEARS OF US/01- DIGITAL PHOTOS 2013-2026,https://drive.google.com/file/d/1Z9OxThF4OG9P9s63fySj9VOd9-p5Kg5F/view?usp=drivesdk,image/jpeg,2049,1537,715073,2019:07:27 19:48:27,2019-07-27,HIGH,EXIF DateTimeOriginal,01- DIGITAL PHOTOS 2013-2026,UNKNOWN,UNKNOWN,UNKNOWN,UNKNOWN,UNKNOWN,UNKNOWN,2016-2020 FAMILY OF FIVE,UNKNOWN,GOOD,,,,,,,,,NOT_REVIEWED,
P045,IMG_1983.JPG,15 YEARS OF US/01- DIGITAL PHOTOS 2013-2026,https://drive.google.com/file/d/1cXiGIF9L_B4cJm7qlAZ5lpUvk4e9AZVg/view?usp=drivesdk,image/jpeg,1536,3159,1129079,2019:07:27 19:51:10,2019-07-27,HIGH,EXIF DateTimeOriginal,01- DIGITAL PHOTOS 2013-2026,UNKNOWN,UNKNOWN,UNKNOWN,UNKNOWN,UNKNOWN,UNKNOWN,2016-2020 FAMILY OF FIVE,UNKNOWN,GOOD,,,,,,,,,NOT_REVIEWED,
P046,IMG_1025.JPG,15 YEARS OF US/01- DIGITAL PHOTOS 2013-2026,https://drive.google.com/file/d/1ikyxRk3fgWvsSHXRrcWLhmM0pULmiGs8/view?usp=drivesdk,image/jpeg,1789,1958,1596334,2019:08:10 16:42:40,2019-08-10,HIGH,EXIF DateTimeOriginal,01- DIGITAL PHOTOS 2013-2026,UNKNOWN,UNKNOWN,UNKNOWN,UNKNOWN,UNKNOWN,UNKNOWN,2016-2020 FAMILY OF FIVE,UNKNOWN,GOOD,,,,,,,,,NOT_REVIEWED,
P047,IMG_1034.JPG,15 YEARS OF US/01- DIGITAL PHOTOS 2013-2026,https://drive.google.com/file/d/1l1alFpNu0fcA5P890meGWQOsvcIvUh7h/view?usp=drivesdk,image/jpeg,1536,2049,1821187,2019:08:10 17:15:00,2019-08-10,HIGH,EXIF DateTimeOriginal,01- DIGITAL PHOTOS 2013-2026,UNKNOWN,UNKNOWN,UNKNOWN,UNKNOWN,UNKNOWN,UNKNOWN,2016-2020 FAMILY OF FIVE,UNKNOWN,GOOD,,,,,,,,,NOT_REVIEWED,
P048,IMG_1086.JPG,15 YEARS OF US/01- DIGITAL PHOTOS 2013-2026,https://drive.google.com/file/d/1BT4c2AWvmxkDTpCoBPrz71KexRRSapIq/view?usp=drivesdk,image/jpeg,1537,2049,636211,2019:08:16 15:55:25,2019-08-16,HIGH,EXIF DateTimeOriginal,01- DIGITAL PHOTOS 2013-2026,UNKNOWN,UNKNOWN,UNKNOWN,UNKNOWN,UNKNOWN,UNKNOWN,2016-2020 FAMILY OF FIVE,UNKNOWN,GOOD,,,,,,,,,NOT_REVIEWED,
P049,IMG_1132.JPG,15 YEARS OF US/01- DIGITAL PHOTOS 2013-2026,https://drive.google.com/file/d/1Qp6D76I-KQX_iHWLALw-3N3VhlsmkAyn/view?usp=drivesdk,image/jpeg,960,1280,259661,2019:08:29 17:57:54,2019-08-29,HIGH,EXIF DateTimeOriginal,01- DIGITAL PHOTOS 2013-2026,UNKNOWN,UNKNOWN,UNKNOWN,UNKNOWN,UNKNOWN,UNKNOWN,2016-2020 FAMILY OF FIVE,UNKNOWN,GOOD,,,,,,,,,NOT_REVIEWED,
P050,IMG_1158.JPG,15 YEARS OF US/01- DIGITAL PHOTOS 2013-2026,https://drive.google.com/file/d/1QfejWFDgAArU81sZkaiweFcIqDQ99DFl/view?usp=drivesdk,image/jpeg,1536,2306,1482265,2019:09:05 07:54:44,2019-09-05,HIGH,EXIF DateTimeOriginal,01- DIGITAL PHOTOS 2013-2026,UNKNOWN,UNKNOWN,UNKNOWN,UNKNOWN,UNKNOWN,UNKNOWN,2016-2020 FAMILY OF FIVE,UNKNOWN,GOOD,,,,,,,,,NOT_REVIEWED,
P051,IMG_1165.JPG,15 YEARS OF US/01- DIGITAL PHOTOS 2013-2026,https://drive.google.com/file/d/1Y6BDpXpHQPTsoowNvhFuyUGJrFGm2eb9/view?usp=drivesdk,image/jpeg,1536,3159,2297514,2019:09:05 08:00:51,2019-09-05,HIGH,EXIF DateTimeOriginal,01- DIGITAL PHOTOS 2013-2026,UNKNOWN,UNKNOWN,UNKNOWN,UNKNOWN,UNKNOWN,UNKNOWN,2016-2020 FAMILY OF FIVE,UNKNOWN,GOOD,,,,,,,,,NOT_REVIEWED,
P052,IMG_1168.JPG,15 YEARS OF US/01- DIGITAL PHOTOS 2013-2026,https://drive.google.com/file/d/18FTBZkSu0776k9H791HnNLwuPEVCIEEV/view?usp=drivesdk,image/jpeg,1536,3159,2449492,2019:09:05 08:02:28,2019-09-05,HIGH,EXIF DateTimeOriginal,01- DIGITAL PHOTOS 2013-2026,UNKNOWN,UNKNOWN,UNKNOWN,UNKNOWN,UNKNOWN,UNKNOWN,2016-2020 FAMILY OF FIVE,UNKNOWN,GOOD,,,,,,,,,NOT_REVIEWED,
P053,IMG_1169.JPG,15 YEARS OF US/01- DIGITAL PHOTOS 2013-2026,https://drive.google.com/file/d/1-KuDYX4Vc_4ZmUaYmVms9hDLts0YddCX/view?usp=drivesdk,image/jpeg,1536,3159,2531507,2019:09:05 08:02:48,2019-09-05,HIGH,EXIF DateTimeOriginal,01- DIGITAL PHOTOS 2013-2026,UNKNOWN,UNKNOWN,UNKNOWN,UNKNOWN,UNKNOWN,UNKNOWN,2016-2020 FAMILY OF FIVE,UNKNOWN,GOOD,,,,,,,,,NOT_REVIEWED,
P054,IMG_1200.JPG,15 YEARS OF US/01- DIGITAL PHOTOS 2013-2026,https://drive.google.com/file/d/1o5uzLUJB78TZeWnnfv3Ach3pL3D5iz1r/view?usp=drivesdk,image/jpeg,1537,2049,698027,2019:09:10 10:08:19,2019-09-10,HIGH,EXIF DateTimeOriginal,01- DIGITAL PHOTOS 2013-2026,UNKNOWN,UNKNOWN,UNKNOWN,UNKNOWN,UNKNOWN,UNKNOWN,2016-2020 FAMILY OF FIVE,UNKNOWN,GOOD,,,,,,,,,NOT_REVIEWED,
P055,IMG_1213.JPG,15 YEARS OF US/01- DIGITAL PHOTOS 2013-2026,https://drive.google.com/file/d/12O3T-wjSf2GnVFwOfhaL0r9iW2Dw0DUZ/view?usp=drivesdk,image/jpeg,2049,1537,755632,2019:09:21 19:06:32,2019-09-21,HIGH,EXIF DateTimeOriginal,01- DIGITAL PHOTOS 2013-2026,UNKNOWN,UNKNOWN,UNKNOWN,UNKNOWN,UNKNOWN,UNKNOWN,2016-2020 FAMILY OF FIVE,UNKNOWN,GOOD,,,,,,,,,NOT_REVIEWED,
P056,IMG_1263.JPG,15 YEARS OF US/01- DIGITAL PHOTOS 2013-2026,https://drive.google.com/file/d/1F5ANtswM2x6jZmhHtXFCmnjUj8dNJts3/view?usp=drivesdk,image/jpeg,1537,2049,773713,2019:10:08 18:19:33,2019-10-08,HIGH,EXIF DateTimeOriginal,01- DIGITAL PHOTOS 2013-2026,UNKNOWN,UNKNOWN,UNKNOWN,UNKNOWN,UNKNOWN,UNKNOWN,2016-2020 FAMILY OF FIVE,UNKNOWN,GOOD,,,,,,,,,NOT_REVIEWED,
P057,IMG_1287.JPG,15 YEARS OF US/01- DIGITAL PHOTOS 2013-2026,https://drive.google.com/file/d/1WMm6S5uiJ5b-lETxfv3Ot9Ecxc5gDKOg/view?usp=drivesdk,image/jpeg,2777,1536,1933520,2019:10:12 16:54:48,2019-10-12,HIGH,EXIF DateTimeOriginal,01- DIGITAL PHOTOS 2013-2026,UNKNOWN,UNKNOWN,UNKNOWN,UNKNOWN,UNKNOWN,UNKNOWN,2016-2020 FAMILY OF FIVE,UNKNOWN,GOOD,,,,,,,,,NOT_REVIEWED,
P058,IMG_1300.JPG,15 YEARS OF US/01- DIGITAL PHOTOS 2013-2026,https://drive.google.com/file/d/1IN8-VZNyO4h-s3Hvz2FlrO0DUGq4gLER/view?usp=drivesdk,image/jpeg,1537,2049,662136,2019:10:12 18:52:16,2019-10-12,HIGH,EXIF DateTimeOriginal,01- DIGITAL PHOTOS 2013-2026,UNKNOWN,UNKNOWN,UNKNOWN,UNKNOWN,UNKNOWN,UNKNOWN,2016-2020 FAMILY OF FIVE,UNKNOWN,GOOD,,,,,,,,,NOT_REVIEWED,
P059,IMG_1294.JPG,15 YEARS OF US/01- DIGITAL PHOTOS 2013-2026,https://drive.google.com/file/d/1DvXWJhGymvzCkYdhD9uLI-24IdBErlyu/view?usp=drivesdk,image/jpeg,1537,2049,500367,2019:10:13 14:39:07,2019-10-13,HIGH,EXIF DateTimeOriginal,01- DIGITAL PHOTOS 2013-2026,UNKNOWN,UNKNOWN,UNKNOWN,UNKNOWN,UNKNOWN,UNKNOWN,2016-2020 FAMILY OF FIVE,UNKNOWN,GOOD,,,,,,,,,NOT_REVIEWED,
P060,IMG_1341.JPG,15 YEARS OF US/01- DIGITAL PHOTOS 2013-2026,https://drive.google.com/file/d/1e4eVtKjITuHf5EpmKI2SAJHDWruQNdGs/view?usp=drivesdk,image/jpeg,1537,2049,813083,2019:10:26 17:50:27,2019-10-26,HIGH,EXIF DateTimeOriginal,01- DIGITAL PHOTOS 2013-2026,UNKNOWN,UNKNOWN,UNKNOWN,UNKNOWN,UNKNOWN,UNKNOWN,2016-2020 FAMILY OF FIVE,UNKNOWN,GOOD,,,,,,,,,NOT_REVIEWED,
P061,wVU6VqAZFaWvUXUil  IMG 1455.JPG,15 YEARS OF US/UNKNOWN,,image/jpeg,1536,3160,1199212,2019:11:28 18:04:04,2019-11-28,HIGH,EXIF DateTimeOriginal,UNKNOWN,UNKNOWN,UNKNOWN,UNKNOWN,UNKNOWN,UNKNOWN,UNKNOWN,2016-2020 FAMILY OF FIVE,UNKNOWN,GOOD,,,,,,,,,NOT_REVIEWED,
P062,IMG_1595.JPG,15 YEARS OF US/01- DIGITAL PHOTOS 2013-2026,https://drive.google.com/file/d/1HWI6SS5x3O3_39xBVRIg0kMC0t-uUh-a/view?usp=drivesdk,image/jpeg,1536,2048,635236,2019:12:25 18:28:13,2019-12-25,HIGH,EXIF DateTimeOriginal,01- DIGITAL PHOTOS 2013-2026,UNKNOWN,UNKNOWN,UNKNOWN,UNKNOWN,UNKNOWN,UNKNOWN,2016-2020 FAMILY OF FIVE,UNKNOWN,GOOD,,,,,,,,,NOT_REVIEWED,
P063,IMG_1636.JPG,15 YEARS OF US/01- DIGITAL PHOTOS 2013-2026,https://drive.google.com/file/d/16D6tBbfVSojJvoRkr-jUNYd7osRCJ9PL/view?usp=drivesdk,image/jpeg,960,1280,271259,2019:12:27 12:56:53,2019-12-27,HIGH,EXIF DateTimeOriginal,01- DIGITAL PHOTOS 2013-2026,UNKNOWN,UNKNOWN,UNKNOWN,UNKNOWN,UNKNOWN,UNKNOWN,2016-2020 FAMILY OF FIVE,UNKNOWN,GOOD,,,,,,,,,NOT_REVIEWED,
P064,IMG_1709.JPG,15 YEARS OF US/01- DIGITAL PHOTOS 2013-2026,https://drive.google.com/file/d/1fDqbORsCuL9hI0Z6OLB_lNv9Ua83BzS1/view?usp=drivesdk,image/jpeg,1824,2048,540618,2020:02:27 18:08:31,2020-02-27,HIGH,EXIF DateTimeOriginal,01- DIGITAL PHOTOS 2013-2026,UNKNOWN,UNKNOWN,UNKNOWN,UNKNOWN,UNKNOWN,UNKNOWN,2020-2023 THE CHAOS YEARS,UNKNOWN,GOOD,,,,,,,,,NOT_REVIEWED,
P065,IMG_1723.JPG,15 YEARS OF US/01- DIGITAL PHOTOS 2013-2026,https://drive.google.com/file/d/1CU3c-jpqjaIqbZ7kIxhMu97GC3yW_E1a/view?usp=drivesdk,image/jpeg,2048,1536,794102,2020:02:28 14:52:54,2020-02-28,HIGH,EXIF DateTimeOriginal,01- DIGITAL PHOTOS 2013-2026,UNKNOWN,UNKNOWN,UNKNOWN,UNKNOWN,UNKNOWN,UNKNOWN,2020-2023 THE CHAOS YEARS,UNKNOWN,GOOD,,,,,,,,,NOT_REVIEWED,
P066,IMG_1766.JPG,15 YEARS OF US/01- DIGITAL PHOTOS 2013-2026,https://drive.google.com/file/d/18OqlE92ejqxJlPm2H4nkcHTPyWNpRoS-/view?usp=drivesdk,image/jpeg,1536,2048,864407,2020:03:30 11:17:57,2020-03-30,HIGH,EXIF DateTimeOriginal,01- DIGITAL PHOTOS 2013-2026,UNKNOWN,UNKNOWN,UNKNOWN,UNKNOWN,UNKNOWN,UNKNOWN,2020-2023 THE CHAOS YEARS,UNKNOWN,GOOD,,,,,,,,,NOT_REVIEWED,
P067,IMG_1841.JPG,15 YEARS OF US/01- DIGITAL PHOTOS 2013-2026,https://drive.google.com/file/d/1whNXXv0Y3u-TBa6qlFhghfHDEmR8_7M-/view?usp=drivesdk,image/jpeg,1144,1663,462884,2020:04:12 12:33:38,2020-04-12,HIGH,EXIF DateTimeOriginal,01- DIGITAL PHOTOS 2013-2026,UNKNOWN,UNKNOWN,UNKNOWN,UNKNOWN,UNKNOWN,UNKNOWN,2020-2023 THE CHAOS YEARS,UNKNOWN,GOOD,,,,,,,,,NOT_REVIEWED,
P068,IMG_1866.JPG,15 YEARS OF US/01- DIGITAL PHOTOS 2013-2026,https://drive.google.com/file/d/1_o2OXTUZeNUpz9lvc-YsWkE_dMQB6wES/view?usp=drivesdk,image/jpeg,1536,2048,654728,2020:04:23 19:02:14,2020-04-23,HIGH,EXIF DateTimeOriginal,01- DIGITAL PHOTOS 2013-2026,UNKNOWN,UNKNOWN,UNKNOWN,UNKNOWN,UNKNOWN,UNKNOWN,2020-2023 THE CHAOS YEARS,UNKNOWN,GOOD,,,,,,,,,NOT_REVIEWED,
P069,IMG_1878.JPG,15 YEARS OF US/01- DIGITAL PHOTOS 2013-2026,https://drive.google.com/file/d/1PkAOlT-mJtRDl4ZgHpnOWmMu_lzP8Wss/view?usp=drivesdk,image/jpeg,1536,2048,945443,2020:05:02 11:23:23,2020-05-02,HIGH,EXIF DateTimeOriginal,01- DIGITAL PHOTOS 2013-2026,UNKNOWN,UNKNOWN,UNKNOWN,UNKNOWN,UNKNOWN,UNKNOWN,2020-2023 THE CHAOS YEARS,UNKNOWN,GOOD,,,,,,,,,NOT_REVIEWED,
P070,IMG_1914.JPG,15 YEARS OF US/01- DIGITAL PHOTOS 2013-2026,https://drive.google.com/file/d/10B1whbkU53FQaD-uzfNF9gk7bVRC3e9B/view?usp=drivesdk,image/jpeg,1536,2048,824884,2020:05:15 19:20:16,2020-05-15,HIGH,EXIF DateTimeOriginal,01- DIGITAL PHOTOS 2013-2026,UNKNOWN,UNKNOWN,UNKNOWN,UNKNOWN,UNKNOWN,UNKNOWN,2020-2023 THE CHAOS YEARS,UNKNOWN,GOOD,,,,,,,,,NOT_REVIEWED,
P071,IMG_1915.JPG,15 YEARS OF US/01- DIGITAL PHOTOS 2013-2026,https://drive.google.com/file/d/1vevFbe0F1PU6mv3doTXzQCjY7EFWtQJs/view?usp=drivesdk,image/jpeg,1536,2048,917223,2020:05:15 19:38:51,2020-05-15,HIGH,EXIF DateTimeOriginal,01- DIGITAL PHOTOS 2013-2026,UNKNOWN,UNKNOWN,UNKNOWN,UNKNOWN,UNKNOWN,UNKNOWN,2020-2023 THE CHAOS YEARS,UNKNOWN,GOOD,,,,,,,,,NOT_REVIEWED,
P072,IMG_1933.JPG,15 YEARS OF US/01- DIGITAL PHOTOS 2013-2026,https://drive.google.com/file/d/1Oknnzk-GBeJfsMHI0-EaK7i9DCWXiqSo/view?usp=drivesdk,image/jpeg,1536,2048,810008,2020:05:18 18:58:24,2020-05-18,HIGH,EXIF DateTimeOriginal,01- DIGITAL PHOTOS 2013-2026,UNKNOWN,UNKNOWN,UNKNOWN,UNKNOWN,UNKNOWN,UNKNOWN,2020-2023 THE CHAOS YEARS,UNKNOWN,GOOD,,,,,,,,,NOT_REVIEWED,
P073,IMG_1937.JPG,15 YEARS OF US/01- DIGITAL PHOTOS 2013-2026,https://drive.google.com/file/d/1-z8h6V_rNhj7LCYv5fbKL72iXBaNRxIc/view?usp=drivesdk,image/jpeg,1536,2048,1681940,2020:05:24 10:22:55,2020-05-24,HIGH,EXIF DateTimeOriginal,01- DIGITAL PHOTOS 2013-2026,UNKNOWN,UNKNOWN,UNKNOWN,UNKNOWN,UNKNOWN,UNKNOWN,2020-2023 THE CHAOS YEARS,UNKNOWN,GOOD,,,,,,,,,NOT_REVIEWED,
P074,IMG_1940.JPG,15 YEARS OF US/01- DIGITAL PHOTOS 2013-2026,https://drive.google.com/file/d/1Nsppl-fGPKTgjsOTrswbWytVfqXzQjsc/view?usp=drivesdk,image/jpeg,1536,2048,767166,2020:05:24 10:25:09,2020-05-24,HIGH,EXIF DateTimeOriginal,01- DIGITAL PHOTOS 2013-2026,UNKNOWN,UNKNOWN,UNKNOWN,UNKNOWN,UNKNOWN,UNKNOWN,2020-2023 THE CHAOS YEARS,UNKNOWN,GOOD,,,,,,,,,NOT_REVIEWED,
P075,IMG_1956.JPG,15 YEARS OF US/01- DIGITAL PHOTOS 2013-2026,https://drive.google.com/file/d/1R96OXf_84RAhBaNkOeXWSFxyUbl3T-hL/view?usp=drivesdk,image/jpeg,1536,2048,927254,2020:05:27 12:12:40,2020-05-27,HIGH,EXIF DateTimeOriginal,01- DIGITAL PHOTOS 2013-2026,UNKNOWN,UNKNOWN,UNKNOWN,UNKNOWN,UNKNOWN,UNKNOWN,2020-2023 THE CHAOS YEARS,UNKNOWN,GOOD,,,,,,,,,NOT_REVIEWED,
P076,IMG_1959.JPG,15 YEARS OF US/01- DIGITAL PHOTOS 2013-2026,https://drive.google.com/file/d/1Q7r_gbAuW00Rum7hOHxhVzAPs_huzQQ6/view?usp=drivesdk,image/jpeg,1536,2048,1454885,2020:05:31 10:10:14,2020-05-31,HIGH,EXIF DateTimeOriginal,01- DIGITAL PHOTOS 2013-2026,UNKNOWN,UNKNOWN,UNKNOWN,UNKNOWN,UNKNOWN,UNKNOWN,2020-2023 THE CHAOS YEARS,UNKNOWN,GOOD,,,,,,,,,NOT_REVIEWED,
P077,IMG_1967.JPG,15 YEARS OF US/01- DIGITAL PHOTOS 2013-2026,https://drive.google.com/file/d/16giKBRx5U_n3NszwUWl_c60QF-3iZjkt/view?usp=drivesdk,image/jpeg,2048,1610,1316958,2020:06:06 10:32:44,2020-06-06,HIGH,EXIF DateTimeOriginal,01- DIGITAL PHOTOS 2013-2026,UNKNOWN,UNKNOWN,UNKNOWN,UNKNOWN,UNKNOWN,UNKNOWN,2020-2023 THE CHAOS YEARS,UNKNOWN,GOOD,,,,,,,,,NOT_REVIEWED,
P078,IMG_1969.JPG,15 YEARS OF US/01- DIGITAL PHOTOS 2013-2026,https://drive.google.com/file/d/1uOxh_J8fb4dZoResTccKgtOnCXYsiVR0/view?usp=drivesdk,image/jpeg,1536,2048,812443,2020:06:06 15:52:22,2020-06-06,HIGH,EXIF DateTimeOriginal,01- DIGITAL PHOTOS 2013-2026,UNKNOWN,UNKNOWN,UNKNOWN,UNKNOWN,UNKNOWN,UNKNOWN,2020-2023 THE CHAOS YEARS,UNKNOWN,GOOD,,,,,,,,,NOT_REVIEWED,
P079,IMG_2012.JPG,15 YEARS OF US/01- DIGITAL PHOTOS 2013-2026,https://drive.google.com/file/d/1T3Oai9wHUZwhE4OU_EqB5dHeLMfIClfM/view?usp=drivesdk,image/jpeg,2048,1539,505516,2020:06:10 16:15:36,2020-06-10,HIGH,EXIF DateTimeOriginal,01- DIGITAL PHOTOS 2013-2026,UNKNOWN,UNKNOWN,UNKNOWN,UNKNOWN,UNKNOWN,UNKNOWN,2020-2023 THE CHAOS YEARS,UNKNOWN,GOOD,,,,,,,,,NOT_REVIEWED,
P080,IMG_2109.JPG,15 YEARS OF US/01- DIGITAL PHOTOS 2013-2026,https://drive.google.com/file/d/1qcqzgxESU_FppOD3i2JEA0A04TJ-HaOQ/view?usp=drivesdk,image/jpeg,1537,2049,830250,2020:07:21 13:32:00,2020-07-21,HIGH,EXIF DateTimeOriginal,01- DIGITAL PHOTOS 2013-2026,UNKNOWN,UNKNOWN,UNKNOWN,UNKNOWN,UNKNOWN,UNKNOWN,2020-2023 THE CHAOS YEARS,UNKNOWN,GOOD,,,,,,,,,NOT_REVIEWED,
P081,IMG_2127.JPG,15 YEARS OF US/01- DIGITAL PHOTOS 2013-2026,https://drive.google.com/file/d/1pLZ_eRg3j6jL3NLePIdAeuVAuU172mid/view?usp=drivesdk,image/jpeg,858,1462,485688,2020:08:01 11:51:36,2020-08-01,HIGH,EXIF DateTimeOriginal,01- DIGITAL PHOTOS 2013-2026,UNKNOWN,UNKNOWN,UNKNOWN,UNKNOWN,UNKNOWN,UNKNOWN,2020-2023 THE CHAOS YEARS,UNKNOWN,GOOD,,,,,,,,,NOT_REVIEWED,
P082,IMG_2139.JPG,15 YEARS OF US/01- DIGITAL PHOTOS 2013-2026,https://drive.google.com/file/d/1_FvIZL221zEbQGLKdAP-0x2RV75hCCPu/view?usp=drivesdk,image/jpeg,1536,2048,315085,2020:08:06 15:06:25,2020-08-06,HIGH,EXIF DateTimeOriginal,01- DIGITAL PHOTOS 2013-2026,UNKNOWN,UNKNOWN,UNKNOWN,UNKNOWN,UNKNOWN,UNKNOWN,2020-2023 THE CHAOS YEARS,UNKNOWN,GOOD,,,,,,,,,NOT_REVIEWED,
P083,IMG_2183.JPG,15 YEARS OF US/01- DIGITAL PHOTOS 2013-2026,https://drive.google.com/file/d/1Fk7CN0r6X-aZ3KIrPfuPK1xx5OpDhm-V/view?usp=drivesdk,image/jpeg,1536,2048,640032,2020:08:17 13:13:02,2020-08-17,HIGH,EXIF DateTimeOriginal,01- DIGITAL PHOTOS 2013-2026,UNKNOWN,UNKNOWN,UNKNOWN,UNKNOWN,UNKNOWN,UNKNOWN,2020-2023 THE CHAOS YEARS,UNKNOWN,GOOD,,,,,,,,,NOT_REVIEWED,
P084,IMG_2185.JPG,15 YEARS OF US/01- DIGITAL PHOTOS 2013-2026,https://drive.google.com/file/d/17GLIQzfLC9w_ZX9nGs2bYlKTVIaVwJHR/view?usp=drivesdk,image/jpeg,1536,2048,547226,2020:08:17 13:15:18,2020-08-17,HIGH,EXIF DateTimeOriginal,01- DIGITAL PHOTOS 2013-2026,UNKNOWN,UNKNOWN,UNKNOWN,UNKNOWN,UNKNOWN,UNKNOWN,2020-2023 THE CHAOS YEARS,UNKNOWN,GOOD,,,,,,,,,NOT_REVIEWED,
P085,IMG_2186.JPG,15 YEARS OF US/01- DIGITAL PHOTOS 2013-2026,https://drive.google.com/file/d/1hjwTUrvj5ziQwyi5mIL--DrSAiMJK6bw/view?usp=drivesdk,image/jpeg,1536,2048,510344,2020:08:18 13:23:25,2020-08-18,HIGH,EXIF DateTimeOriginal,01- DIGITAL PHOTOS 2013-2026,UNKNOWN,UNKNOWN,UNKNOWN,UNKNOWN,UNKNOWN,UNKNOWN,2020-2023 THE CHAOS YEARS,UNKNOWN,GOOD,,,,,,,,,NOT_REVIEWED,
P086,IMG_0023.JPG,15 YEARS OF US/01- DIGITAL PHOTOS 2013-2026,https://drive.google.com/file/d/1IHgMVO6Z2FdgCQ-uRUQ_srN9WC6cWaCh/view?usp=drivesdk,image/jpeg,1537,2049,914044,2020:09:06 11:16:51,2020-09-06,HIGH,EXIF DateTimeOriginal,01- DIGITAL PHOTOS 2013-2026,UNKNOWN,UNKNOWN,UNKNOWN,UNKNOWN,UNKNOWN,UNKNOWN,2020-2023 THE CHAOS YEARS,UNKNOWN,GOOD,,,,,,,,,NOT_REVIEWED,
P087,IMG_0190.JPG,15 YEARS OF US/01- DIGITAL PHOTOS 2013-2026,https://drive.google.com/file/d/1Rf0ZNuybD_PCqYnK7A_tdCjfvhZcZjY-/view?usp=drivesdk,image/jpeg,2048,1814,1386524,2020:10:31 17:19:18,2020-10-31,HIGH,EXIF DateTimeOriginal,01- DIGITAL PHOTOS 2013-2026,UNKNOWN,UNKNOWN,UNKNOWN,UNKNOWN,UNKNOWN,UNKNOWN,2020-2023 THE CHAOS YEARS,UNKNOWN,GOOD,,,,,,,,,NOT_REVIEWED,
P088,IMG_0331.JPG,15 YEARS OF US/01- DIGITAL PHOTOS 2013-2026,https://drive.google.com/file/d/1CMqx2dZkSx8wSGOY-_bJ-DLvY8a7CdO4/view?usp=drivesdk,image/jpeg,1536,2049,819145,2020:12:17 09:15:39,2020-12-17,HIGH,EXIF DateTimeOriginal,01- DIGITAL PHOTOS 2013-2026,UNKNOWN,UNKNOWN,UNKNOWN,UNKNOWN,UNKNOWN,UNKNOWN,2020-2023 THE CHAOS YEARS,UNKNOWN,GOOD,,,,,,,,,NOT_REVIEWED,
P089,IMG_0464.JPG,15 YEARS OF US/01- DIGITAL PHOTOS 2013-2026,https://drive.google.com/file/d/1nwUPwcQHoBsff63LSBppY3_jwNDRiE17/view?usp=drivesdk,image/jpeg,1536,2048,1222927,2021:02:25 11:30:26,2021-02-25,HIGH,EXIF DateTimeOriginal,01- DIGITAL PHOTOS 2013-2026,UNKNOWN,UNKNOWN,UNKNOWN,UNKNOWN,UNKNOWN,UNKNOWN,2020-2023 THE CHAOS YEARS,UNKNOWN,GOOD,,,,,,,,,NOT_REVIEWED,
P090,IMG_0542.JPG,15 YEARS OF US/01- DIGITAL PHOTOS 2013-2026,https://drive.google.com/file/d/1s7A2GpC15l0kWaeyCvo-2mM4F7N3Akxq/view?usp=drivesdk,image/jpeg,1537,2049,1255149,2021:03:22 12:34:03,2021-03-22,HIGH,EXIF DateTimeOriginal,01- DIGITAL PHOTOS 2013-2026,UNKNOWN,UNKNOWN,UNKNOWN,UNKNOWN,UNKNOWN,UNKNOWN,2020-2023 THE CHAOS YEARS,UNKNOWN,GOOD,,,,,,,,,NOT_REVIEWED,
P091,IMG_0549.JPG,15 YEARS OF US/01- DIGITAL PHOTOS 2013-2026,https://drive.google.com/file/d/1yz-_eTUC1in8g0h-3iLUC2uWny5uGNVd/view?usp=drivesdk,image/jpeg,1605,2049,813000,2021:03:31 17:13:30,2021-03-31,HIGH,EXIF DateTimeOriginal,01- DIGITAL PHOTOS 2013-2026,UNKNOWN,UNKNOWN,UNKNOWN,UNKNOWN,UNKNOWN,UNKNOWN,2020-2023 THE CHAOS YEARS,UNKNOWN,GOOD,,,,,,,,,NOT_REVIEWED,
P092,IMG_0565.JPG,15 YEARS OF US/01- DIGITAL PHOTOS 2013-2026,https://drive.google.com/file/d/1ME2YLqpjrHBmEXp2Ku4w9hl2Ua2qk9e4/view?usp=drivesdk,image/jpeg,2049,1848,1069914,2021:04:04 10:52:43,2021-04-04,HIGH,EXIF DateTimeOriginal,01- DIGITAL PHOTOS 2013-2026,UNKNOWN,UNKNOWN,UNKNOWN,UNKNOWN,UNKNOWN,UNKNOWN,2020-2023 THE CHAOS YEARS,UNKNOWN,GOOD,,,,,,,,,NOT_REVIEWED,
P093,IMG_0911.JPG,15 YEARS OF US/01- DIGITAL PHOTOS 2013-2026,https://drive.google.com/file/d/1mBHRhmtF22ZePMfqKb2Cb5Fr9MgucCdi/view?usp=drivesdk,image/jpeg,1537,2049,733427,2021:08:16 15:00:57,2021-08-16,HIGH,EXIF DateTimeOriginal,01- DIGITAL PHOTOS 2013-2026,UNKNOWN,UNKNOWN,UNKNOWN,UNKNOWN,UNKNOWN,UNKNOWN,2020-2023 THE CHAOS YEARS,UNKNOWN,GOOD,,,,,,,,,NOT_REVIEWED,
P094,IMG_0988.JPG,15 YEARS OF US/01- DIGITAL PHOTOS 2013-2026,https://drive.google.com/file/d/19L_jK8pMv4Uc3j0ug2XNvr6HHdwCbv3d/view?usp=drivesdk,image/jpeg,2049,1536,992935,2021:08:29 13:41:11,2021-08-29,HIGH,EXIF DateTimeOriginal,01- DIGITAL PHOTOS 2013-2026,UNKNOWN,UNKNOWN,UNKNOWN,UNKNOWN,UNKNOWN,UNKNOWN,2020-2023 THE CHAOS YEARS,UNKNOWN,GOOD,,,,,,,,,NOT_REVIEWED,
P095,IMG_2597.JPG,15 YEARS OF US/01- DIGITAL PHOTOS 2013-2026,https://drive.google.com/file/d/1ibMr8o_Yo0lAWFyj49jfbwQ81nJDUs2b/view?usp=drivesdk,image/jpeg,1536,2048,918018,2021:10:31 15:31:33,2021-10-31,HIGH,EXIF DateTimeOriginal,01- DIGITAL PHOTOS 2013-2026,UNKNOWN,UNKNOWN,UNKNOWN,UNKNOWN,UNKNOWN,UNKNOWN,2020-2023 THE CHAOS YEARS,UNKNOWN,GOOD,,,,,,,,,NOT_REVIEWED,
P096,IMG_2606.JPG,15 YEARS OF US/01- DIGITAL PHOTOS 2013-2026,https://drive.google.com/file/d/1-JfQS5hkkgtWS8WAXWG6KQ4HhCRtvfJj/view?usp=drivesdk,image/jpeg,1537,2049,863912,2021:10:31 16:46:18,2021-10-31,HIGH,EXIF DateTimeOriginal,01- DIGITAL PHOTOS 2013-2026,UNKNOWN,UNKNOWN,UNKNOWN,UNKNOWN,UNKNOWN,UNKNOWN,2020-2023 THE CHAOS YEARS,UNKNOWN,GOOD,,,,,,,,,NOT_REVIEWED,
P097,IMG_2645.JPG,15 YEARS OF US/01- DIGITAL PHOTOS 2013-2026,https://drive.google.com/file/d/1XcMf5XslJOREwqobHb1GKnw6BXqF7ydo/view?usp=drivesdk,image/jpeg,1537,2049,787211,2021:11:05 14:01:05,2021-11-05,HIGH,EXIF DateTimeOriginal,01- DIGITAL PHOTOS 2013-2026,UNKNOWN,UNKNOWN,UNKNOWN,UNKNOWN,UNKNOWN,UNKNOWN,2020-2023 THE CHAOS YEARS,UNKNOWN,GOOD,,,,,,,,,NOT_REVIEWED,
P098,IMG_2848.JPG,15 YEARS OF US/01- DIGITAL PHOTOS 2013-2026,https://drive.google.com/file/d/1Lhhv-TsF16NFT0tvDWJfjGEQ7IuNP-6s/view?usp=drivesdk,image/jpeg,1537,2049,738026,2021:12:01 14:09:35,2021-12-01,HIGH,EXIF DateTimeOriginal,01- DIGITAL PHOTOS 2013-2026,UNKNOWN,UNKNOWN,UNKNOWN,UNKNOWN,UNKNOWN,UNKNOWN,2020-2023 THE CHAOS YEARS,UNKNOWN,GOOD,,,,,,,,,NOT_REVIEWED,
P099,IMG_3107.JPG,15 YEARS OF US/01- DIGITAL PHOTOS 2013-2026,https://drive.google.com/file/d/1l-7SF3XVaVm-_JypopUhxspRYvM4BAyH/view?usp=drivesdk,image/jpeg,1536,2277,1130865,2021:12:24 17:09:07,2021-12-24,HIGH,EXIF DateTimeOriginal,01- DIGITAL PHOTOS 2013-2026,UNKNOWN,UNKNOWN,UNKNOWN,UNKNOWN,UNKNOWN,UNKNOWN,2020-2023 THE CHAOS YEARS,UNKNOWN,GOOD,,,,,,,,,NOT_REVIEWED,
P100,IMG_4366.JPG,15 YEARS OF US/01- DIGITAL PHOTOS 2013-2026,https://drive.google.com/file/d/1xH3ZKJfZwsCabFF5hCxxsT5qCDTvLcVc/view?usp=drivesdk,image/jpeg,2049,1537,907914,2022:05:07 10:14:09,2022-05-07,HIGH,EXIF DateTimeOriginal,01- DIGITAL PHOTOS 2013-2026,UNKNOWN,UNKNOWN,UNKNOWN,UNKNOWN,UNKNOWN,UNKNOWN,2020-2023 THE CHAOS YEARS,UNKNOWN,GOOD,,,,,,,,,NOT_REVIEWED,
P101, IMG 0384.JPG,15 YEARS OF US/UNKNOWN,,image/jpeg,1588,2048,885162,2022:06:02 18:17:53,2022-06-02,HIGH,EXIF DateTimeOriginal,UNKNOWN,UNKNOWN,UNKNOWN,UNKNOWN,UNKNOWN,UNKNOWN,UNKNOWN,2020-2023 THE CHAOS YEARS,UNKNOWN,GOOD,,,,,,,,,NOT_REVIEWED,
P102,IMG_0935.JPG,15 YEARS OF US/01- DIGITAL PHOTOS 2013-2026,https://drive.google.com/file/d/1DWElOAS-GiaCPSRmW70IoWSPKxJsfVCn/view?usp=drivesdk,image/jpeg,2068,1536,701151,2022:07:31 09:05:28,2022-07-31,HIGH,EXIF DateTimeOriginal,01- DIGITAL PHOTOS 2013-2026,UNKNOWN,UNKNOWN,UNKNOWN,UNKNOWN,UNKNOWN,UNKNOWN,2020-2023 THE CHAOS YEARS,UNKNOWN,GOOD,,,,,,,,,NOT_REVIEWED,
P103,IMG_0980.JPG,15 YEARS OF US/01- DIGITAL PHOTOS 2013-2026,https://drive.google.com/file/d/1JAY7DVEieSy8OdYmyzgp38xrm_z4RT2i/view?usp=drivesdk,image/jpeg,2048,1596,854110,2022:08:01 08:19:24,2022-08-01,HIGH,EXIF DateTimeOriginal,01- DIGITAL PHOTOS 2013-2026,UNKNOWN,UNKNOWN,UNKNOWN,UNKNOWN,UNKNOWN,UNKNOWN,2020-2023 THE CHAOS YEARS,UNKNOWN,GOOD,,,,,,,,,NOT_REVIEWED,
P104,IMG_5458.JPG,15 YEARS OF US/01- DIGITAL PHOTOS 2013-2026,https://drive.google.com/file/d/1ssxIShNAM84_s4l2Cdwhgoqd-hj67M0t/view?usp=drivesdk,image/jpeg,1536,2049,631060,2022:08:01 08:56:54,2022-08-01,HIGH,EXIF DateTimeOriginal,01- DIGITAL PHOTOS 2013-2026,UNKNOWN,UNKNOWN,UNKNOWN,UNKNOWN,UNKNOWN,UNKNOWN,2020-2023 THE CHAOS YEARS,UNKNOWN,GOOD,,,,,,,,,NOT_REVIEWED,
P105,IMG_5467.JPG,15 YEARS OF US/01- DIGITAL PHOTOS 2013-2026,https://drive.google.com/file/d/1xh_yB-6JyETNGWPXmfXEhZ3EQSqXaIT2/view?usp=drivesdk,image/jpeg,1536,2049,416131,2022:08:01 09:15:22,2022-08-01,HIGH,EXIF DateTimeOriginal,01- DIGITAL PHOTOS 2013-2026,UNKNOWN,UNKNOWN,UNKNOWN,UNKNOWN,UNKNOWN,UNKNOWN,2020-2023 THE CHAOS YEARS,UNKNOWN,GOOD,,,,,,,,,NOT_REVIEWED,
P106,IMG_1009.JPG,15 YEARS OF US/01- DIGITAL PHOTOS 2013-2026,https://drive.google.com/file/d/1fPQyt6MWlOBvNpbyqXTp7Q3BH4rJleij/view?usp=drivesdk,image/jpeg,1536,2048,1161830,2022:08:02 09:32:39,2022-08-02,HIGH,EXIF DateTimeOriginal,01- DIGITAL PHOTOS 2013-2026,UNKNOWN,UNKNOWN,UNKNOWN,UNKNOWN,UNKNOWN,UNKNOWN,2020-2023 THE CHAOS YEARS,UNKNOWN,GOOD,,,,,,,,,NOT_REVIEWED,
P107,IMG_5560.JPG,15 YEARS OF US/01- DIGITAL PHOTOS 2013-2026,https://drive.google.com/file/d/1D4YUkLYHMNfdRtfAC_tzH3XOxSgu_y_M/view?usp=drivesdk,image/jpeg,1536,2049,640399,2022:08:03 10:26:51,2022-08-03,HIGH,EXIF DateTimeOriginal,01- DIGITAL PHOTOS 2013-2026,UNKNOWN,UNKNOWN,UNKNOWN,UNKNOWN,UNKNOWN,UNKNOWN,2020-2023 THE CHAOS YEARS,UNKNOWN,GOOD,,,,,,,,,NOT_REVIEWED,
P108,IMG_5564.JPG,15 YEARS OF US/01- DIGITAL PHOTOS 2013-2026,https://drive.google.com/file/d/13-3kbZuc1jOC9UgdXFl3g34fuFYf9gQo/view?usp=drivesdk,image/jpeg,2049,1537,797093,2022:08:03 10:27:31,2022-08-03,HIGH,EXIF DateTimeOriginal,01- DIGITAL PHOTOS 2013-2026,UNKNOWN,UNKNOWN,UNKNOWN,UNKNOWN,UNKNOWN,UNKNOWN,2020-2023 THE CHAOS YEARS,UNKNOWN,GOOD,,,,,,,,,NOT_REVIEWED,
P109,IMG_1059.JPG,15 YEARS OF US/01- DIGITAL PHOTOS 2013-2026,https://drive.google.com/file/d/1hrez7eLD-oSS7lqMiw_HRn95ru1S6ioc/view?usp=drivesdk,image/jpeg,2048,1536,711313,2022:08:03 18:24:31,2022-08-03,HIGH,EXIF DateTimeOriginal,01- DIGITAL PHOTOS 2013-2026,UNKNOWN,UNKNOWN,UNKNOWN,UNKNOWN,UNKNOWN,UNKNOWN,2020-2023 THE CHAOS YEARS,UNKNOWN,GOOD,,,,,,,,,NOT_REVIEWED,
P110,IMG_1065.JPG,15 YEARS OF US/01- DIGITAL PHOTOS 2013-2026,https://drive.google.com/file/d/1Ibn-8oYxEFeufzukN25CCNS1uDN_tR0G/view?usp=drivesdk,image/jpeg,2049,1536,785802,2022:08:03 19:06:36,2022-08-03,HIGH,EXIF DateTimeOriginal,01- DIGITAL PHOTOS 2013-2026,UNKNOWN,UNKNOWN,UNKNOWN,UNKNOWN,UNKNOWN,UNKNOWN,2020-2023 THE CHAOS YEARS,UNKNOWN,GOOD,,,,,,,,,NOT_REVIEWED,
P111,IMG_0705.JPG,15 YEARS OF US/01- DIGITAL PHOTOS 2013-2026,https://drive.google.com/file/d/1z3u4obZic2vnOTxyUhB36n9y5RV0G_Pz/view?usp=drivesdk,image/jpeg,1536,2048,825150,2022:08:13 19:04:44,2022-08-13,HIGH,EXIF DateTimeOriginal,01- DIGITAL PHOTOS 2013-2026,UNKNOWN,UNKNOWN,UNKNOWN,UNKNOWN,UNKNOWN,UNKNOWN,2020-2023 THE CHAOS YEARS,UNKNOWN,GOOD,,,,,,,,,NOT_REVIEWED,
P112,IMG_0122.JPG,15 YEARS OF US/01- DIGITAL PHOTOS 2013-2026,https://drive.google.com/file/d/1oMF7yU3mnAS4Vull8U4i-l6-xIvFjbyU/view?usp=drivesdk,image/jpeg,1536,2048,765163,2022:08:20 18:17:07,2022-08-20,HIGH,EXIF DateTimeOriginal,01- DIGITAL PHOTOS 2013-2026,UNKNOWN,UNKNOWN,UNKNOWN,UNKNOWN,UNKNOWN,UNKNOWN,2020-2023 THE CHAOS YEARS,UNKNOWN,GOOD,,,,,,,,,NOT_REVIEWED,
P113,IMG_0198.JPG,15 YEARS OF US/01- DIGITAL PHOTOS 2013-2026,https://drive.google.com/file/d/1PgKdhjeWR4sFsxvt5cWua_ESEsnBV4ol/view?usp=drivesdk,image/jpeg,1536,2048,758125,2022:08:31 08:04:14,2022-08-31,HIGH,EXIF DateTimeOriginal,01- DIGITAL PHOTOS 2013-2026,UNKNOWN,UNKNOWN,UNKNOWN,UNKNOWN,UNKNOWN,UNKNOWN,2020-2023 THE CHAOS YEARS,UNKNOWN,GOOD,,,,,,,,,NOT_REVIEWED,
P114,IMG_0435.JPG,15 YEARS OF US/01- DIGITAL PHOTOS 2013-2026,https://drive.google.com/file/d/1qVArag6J7kvFM3YAN2Yu_UvMeEELpkgQ/view?usp=drivesdk,image/jpeg,1536,2049,831158,2022:09:26 07:55:42,2022-09-26,HIGH,EXIF DateTimeOriginal,01- DIGITAL PHOTOS 2013-2026,UNKNOWN,UNKNOWN,UNKNOWN,UNKNOWN,UNKNOWN,UNKNOWN,2020-2023 THE CHAOS YEARS,UNKNOWN,GOOD,,,,,,,,,NOT_REVIEWED,
P115,IMG_4608.JPG,15 YEARS OF US/01- DIGITAL PHOTOS 2013-2026,https://drive.google.com/file/d/1aOfx5-q6CVDbdqMX0UUfW2-iy7sjAUcb/view?usp=drivesdk,image/jpeg,2048,2008,697543,2022:10:29 19:06:07,2022-10-29,HIGH,EXIF DateTimeOriginal,01- DIGITAL PHOTOS 2013-2026,UNKNOWN,UNKNOWN,UNKNOWN,UNKNOWN,UNKNOWN,UNKNOWN,2020-2023 THE CHAOS YEARS,UNKNOWN,GOOD,,,,,,,,,NOT_REVIEWED,
P116,IMG_7061.JPG,15 YEARS OF US/01- DIGITAL PHOTOS 2013-2026,https://drive.google.com/file/d/1Kys4fxAG8Y5hOhLNCG_3C-6YmKnEIovd/view?usp=drivesdk,image/jpeg,2049,1536,890931,2022:11:24 15:17:34,2022-11-24,HIGH,EXIF DateTimeOriginal,01- DIGITAL PHOTOS 2013-2026,UNKNOWN,UNKNOWN,UNKNOWN,UNKNOWN,UNKNOWN,UNKNOWN,2020-2023 THE CHAOS YEARS,UNKNOWN,GOOD,,,,,,,,,NOT_REVIEWED,
P117,IMG_7074.JPG,15 YEARS OF US/01- DIGITAL PHOTOS 2013-2026,https://drive.google.com/file/d/19szGgrOJ64rHy-KqYMBYSjG9ZwR7IeNo/view?usp=drivesdk,image/jpeg,1536,2049,653396,2022:11:24 15:18:04,2022-11-24,HIGH,EXIF DateTimeOriginal,01- DIGITAL PHOTOS 2013-2026,UNKNOWN,UNKNOWN,UNKNOWN,UNKNOWN,UNKNOWN,UNKNOWN,2020-2023 THE CHAOS YEARS,UNKNOWN,GOOD,,,,,,,,,NOT_REVIEWED,
P118,IMG_1156.JPG,15 YEARS OF US/01- DIGITAL PHOTOS 2013-2026,https://drive.google.com/file/d/1gHdWlg5_lpACPOdeuXj3ZLRoWaYztWWd/view?usp=drivesdk,image/jpeg,1536,2554,1107661,2022:11:26 17:10:48,2022-11-26,HIGH,EXIF DateTimeOriginal,01- DIGITAL PHOTOS 2013-2026,UNKNOWN,UNKNOWN,UNKNOWN,UNKNOWN,UNKNOWN,UNKNOWN,2020-2023 THE CHAOS YEARS,UNKNOWN,GOOD,,,,,,,,,NOT_REVIEWED,
P119,IMG_1565.JPG,15 YEARS OF US/01- DIGITAL PHOTOS 2013-2026,https://drive.google.com/file/d/1abZDqFC9flxFcX4YkRAyjd-k0CF4Hq_K/view?usp=drivesdk,image/jpeg,2373,1536,863041,2022:12:29 12:12:50,2022-12-29,HIGH,EXIF DateTimeOriginal,01- DIGITAL PHOTOS 2013-2026,UNKNOWN,UNKNOWN,UNKNOWN,UNKNOWN,UNKNOWN,UNKNOWN,2020-2023 THE CHAOS YEARS,UNKNOWN,GOOD,,,,,,,,,NOT_REVIEWED,
P120,IMG_8413.JPG,15 YEARS OF US/01- DIGITAL PHOTOS 2013-2026,https://drive.google.com/file/d/1QoRBldzaQHW5H8vzSk36ZYwqZTLYVkMW/view?usp=drivesdk,image/jpeg,2049,1536,816074,2023:03:26 11:17:06,2023-03-26,HIGH,EXIF DateTimeOriginal,01- DIGITAL PHOTOS 2013-2026,UNKNOWN,UNKNOWN,UNKNOWN,UNKNOWN,UNKNOWN,UNKNOWN,2023-2026 TODAY,UNKNOWN,GOOD,,,,,,,,,NOT_REVIEWED,
P121,IMG_2647.JPG,15 YEARS OF US/01- DIGITAL PHOTOS 2013-2026,https://drive.google.com/file/d/1X1Ugd65wV98v0UAadZRGxk_hJ1_1pHXj/view?usp=drivesdk,image/jpeg,2049,1536,867073,2023:05:05 09:45:17,2023-05-05,HIGH,EXIF DateTimeOriginal,01- DIGITAL PHOTOS 2013-2026,UNKNOWN,UNKNOWN,UNKNOWN,UNKNOWN,UNKNOWN,UNKNOWN,2023-2026 TODAY,UNKNOWN,GOOD,,,,,,,,,NOT_REVIEWED,
P122,IMG_9554.JPG,15 YEARS OF US/01- DIGITAL PHOTOS 2013-2026,https://drive.google.com/file/d/1xl8UuaYyissIJdrrvc3Aq-bFW3I_Zv1t/view?usp=drivesdk,image/jpeg,1536,2049,550710,2023:06:18 08:09:23,2023-06-18,HIGH,EXIF DateTimeOriginal,01- DIGITAL PHOTOS 2013-2026,UNKNOWN,UNKNOWN,UNKNOWN,UNKNOWN,UNKNOWN,UNKNOWN,2023-2026 TODAY,UNKNOWN,GOOD,,,,,,,,,NOT_REVIEWED,
P123,IMG_9912.JPG,15 YEARS OF US/01- DIGITAL PHOTOS 2013-2026,https://drive.google.com/file/d/1aCDEpOs-nL0sRnFuIh1o-kKyeqMXFMnN/view?usp=drivesdk,image/jpeg,1536,2049,905857,2023:07:15 08:41:16,2023-07-15,HIGH,EXIF DateTimeOriginal,01- DIGITAL PHOTOS 2013-2026,UNKNOWN,UNKNOWN,UNKNOWN,UNKNOWN,UNKNOWN,UNKNOWN,2023-2026 TODAY,UNKNOWN,GOOD,,,,,,,,,NOT_REVIEWED,
P124,IMG_9999.JPG,15 YEARS OF US/01- DIGITAL PHOTOS 2013-2026,https://drive.google.com/file/d/1c4FO52Y1beTpeiBoPJP1wT4NobcrDbho/view?usp=drivesdk,image/jpeg,1536,2048,733063,2023:07:22 13:06:44,2023-07-22,HIGH,EXIF DateTimeOriginal,01- DIGITAL PHOTOS 2013-2026,UNKNOWN,UNKNOWN,UNKNOWN,UNKNOWN,UNKNOWN,UNKNOWN,2023-2026 TODAY,UNKNOWN,GOOD,,,,,,,,,NOT_REVIEWED,
P125,IMG_0063.JPG,15 YEARS OF US/01- DIGITAL PHOTOS 2013-2026,https://drive.google.com/file/d/1myu_EOgkLUdtpi6OiXZaaqkgdZhlNgmR/view?usp=drivesdk,image/jpeg,2049,1536,963795,2023:07:28 09:17:44,2023-07-28,HIGH,EXIF DateTimeOriginal,01- DIGITAL PHOTOS 2013-2026,UNKNOWN,UNKNOWN,UNKNOWN,UNKNOWN,UNKNOWN,UNKNOWN,2023-2026 TODAY,UNKNOWN,GOOD,,,,,,,,,NOT_REVIEWED,
P126,IMG_3633.JPG,15 YEARS OF US/01- DIGITAL PHOTOS 2013-2026,https://drive.google.com/file/d/1UwHRjurBPHA0qIZXTMtQH0SmJGLFqLlj/view?usp=drivesdk,image/jpeg,1537,2049,687230,2023:07:30 15:11:38,2023-07-30,HIGH,EXIF DateTimeOriginal,01- DIGITAL PHOTOS 2013-2026,UNKNOWN,UNKNOWN,UNKNOWN,UNKNOWN,UNKNOWN,UNKNOWN,2023-2026 TODAY,UNKNOWN,GOOD,,,,,,,,,NOT_REVIEWED,
P127,IMG_3635.JPG,15 YEARS OF US/01- DIGITAL PHOTOS 2013-2026,https://drive.google.com/file/d/1hjYNicKaZJPewQrhVmONLDwfdhuK0vyc/view?usp=drivesdk,image/jpeg,2048,1536,707794,2023:07:30 15:19:37,2023-07-30,HIGH,EXIF DateTimeOriginal,01- DIGITAL PHOTOS 2013-2026,UNKNOWN,UNKNOWN,UNKNOWN,UNKNOWN,UNKNOWN,UNKNOWN,2023-2026 TODAY,UNKNOWN,GOOD,,,,,,,,,NOT_REVIEWED,
P128,IMG_3653.JPG,15 YEARS OF US/01- DIGITAL PHOTOS 2013-2026,https://drive.google.com/file/d/1Jc6DnaeL3_V-fFD4HiRtf0w7lv_8l67M/view?usp=drivesdk,image/jpeg,2049,1537,567775,2023:07:30 15:26:13,2023-07-30,HIGH,EXIF DateTimeOriginal,01- DIGITAL PHOTOS 2013-2026,UNKNOWN,UNKNOWN,UNKNOWN,UNKNOWN,UNKNOWN,UNKNOWN,2023-2026 TODAY,UNKNOWN,GOOD,,,,,,,,,NOT_REVIEWED,
P129,IMG_0120.JPG,15 YEARS OF US/01- DIGITAL PHOTOS 2013-2026,https://drive.google.com/file/d/1REdnqCCXJCn5rjq6NDgO8T7ymg-ksn67/view?usp=drivesdk,image/jpeg,1536,2049,894407,2023:07:31 17:56:03,2023-07-31,HIGH,EXIF DateTimeOriginal,01- DIGITAL PHOTOS 2013-2026,UNKNOWN,UNKNOWN,UNKNOWN,UNKNOWN,UNKNOWN,UNKNOWN,2023-2026 TODAY,UNKNOWN,GOOD,,,,,,,,,NOT_REVIEWED,
P130,IMG_0122.JPG,15 YEARS OF US/01- DIGITAL PHOTOS 2013-2026,https://drive.google.com/file/d/1d_eXBkYWzUh6RlIKV8mYSf3ZjoMvev13/view?usp=drivesdk,image/jpeg,1536,2625,1090251,2023:07:31 17:56:31,2023-07-31,HIGH,EXIF DateTimeOriginal,01- DIGITAL PHOTOS 2013-2026,UNKNOWN,UNKNOWN,UNKNOWN,UNKNOWN,UNKNOWN,UNKNOWN,2023-2026 TODAY,UNKNOWN,GOOD,,,,,,,,,NOT_REVIEWED,
P131,IMG_0142.JPG,15 YEARS OF US/01- DIGITAL PHOTOS 2013-2026,https://drive.google.com/file/d/1eN2mZq8xUUPkt7KvjAiCTgmgf3s1ehJ6/view?usp=drivesdk,image/jpeg,2049,1537,665945,2023:07:31 20:24:12,2023-07-31,HIGH,EXIF DateTimeOriginal,01- DIGITAL PHOTOS 2013-2026,UNKNOWN,UNKNOWN,UNKNOWN,UNKNOWN,UNKNOWN,UNKNOWN,2023-2026 TODAY,UNKNOWN,GOOD,,,,,,,,,NOT_REVIEWED,
P132,IMG_0154.JPG,15 YEARS OF US/01- DIGITAL PHOTOS 2013-2026,https://drive.google.com/file/d/1GNIiIpUUsyIZg2Llrdb71FoZbbGzfU60/view?usp=drivesdk,image/jpeg,2049,1536,1129954,2023:08:01 09:14:26,2023-08-01,HIGH,EXIF DateTimeOriginal,01- DIGITAL PHOTOS 2013-2026,UNKNOWN,UNKNOWN,UNKNOWN,UNKNOWN,UNKNOWN,UNKNOWN,2023-2026 TODAY,UNKNOWN,GOOD,,,,,,,,,NOT_REVIEWED,
P133,IMG_0183.JPG,15 YEARS OF US/01- DIGITAL PHOTOS 2013-2026,https://drive.google.com/file/d/1y4BFV0O68oiqyOm-c-mTewCrdcqRKXEk/view?usp=drivesdk,image/jpeg,1626,2049,833880,2023:08:02 15:15:16,2023-08-02,HIGH,EXIF DateTimeOriginal,01- DIGITAL PHOTOS 2013-2026,UNKNOWN,UNKNOWN,UNKNOWN,UNKNOWN,UNKNOWN,UNKNOWN,2023-2026 TODAY,UNKNOWN,GOOD,,,,,,,,,NOT_REVIEWED,
P134,IMG_0228.JPG,15 YEARS OF US/01- DIGITAL PHOTOS 2013-2026,https://drive.google.com/file/d/1sRFoStG9N2tYaZPqom2zsWYNu8FIvKqz/view?usp=drivesdk,image/jpeg,2049,1536,1318112,2023:08:03 09:12:13,2023-08-03,HIGH,EXIF DateTimeOriginal,01- DIGITAL PHOTOS 2013-2026,UNKNOWN,UNKNOWN,UNKNOWN,UNKNOWN,UNKNOWN,UNKNOWN,2023-2026 TODAY,UNKNOWN,GOOD,,,,,,,,,NOT_REVIEWED,
P135,IMG_0244.JPG,15 YEARS OF US/01- DIGITAL PHOTOS 2013-2026,https://drive.google.com/file/d/1tXzRDB4wI6agG5xUcDokY6eh-PosTCtJ/view?usp=drivesdk,image/jpeg,1536,2049,1337261,2023:08:03 16:39:11,2023-08-03,HIGH,EXIF DateTimeOriginal,01- DIGITAL PHOTOS 2013-2026,UNKNOWN,UNKNOWN,UNKNOWN,UNKNOWN,UNKNOWN,UNKNOWN,2023-2026 TODAY,UNKNOWN,GOOD,,,,,,,,,NOT_REVIEWED,
P136,IMG_3812.JPG,15 YEARS OF US/01- DIGITAL PHOTOS 2013-2026,https://drive.google.com/file/d/1yLi1R1UhsGnmbc4DRvWDMAue2X6Y08YT/view?usp=drivesdk,image/jpeg,2049,1537,828508,2023:08:03 18:37:15,2023-08-03,HIGH,EXIF DateTimeOriginal,01- DIGITAL PHOTOS 2013-2026,UNKNOWN,UNKNOWN,UNKNOWN,UNKNOWN,UNKNOWN,UNKNOWN,2023-2026 TODAY,UNKNOWN,GOOD,,,,,,,,,NOT_REVIEWED,
P137,IMG_3821.JPG,15 YEARS OF US/01- DIGITAL PHOTOS 2013-2026,https://drive.google.com/file/d/1WCHyAE09q6sgOGp0lzkarFvGww_arbLM/view?usp=drivesdk,image/jpeg,1537,2049,1197613,2023:08:03 19:08:49,2023-08-03,HIGH,EXIF DateTimeOriginal,01- DIGITAL PHOTOS 2013-2026,UNKNOWN,UNKNOWN,UNKNOWN,UNKNOWN,UNKNOWN,UNKNOWN,2023-2026 TODAY,UNKNOWN,GOOD,,,,,,,,,NOT_REVIEWED,
P138,IMG_3842.JPG,15 YEARS OF US/01- DIGITAL PHOTOS 2013-2026,https://drive.google.com/file/d/1pivjc5-CZ65OATk336I4voiI2zFvsCmc/view?usp=drivesdk,image/jpeg,2049,1536,700939,2023:08:03 19:25:49,2023-08-03,HIGH,EXIF DateTimeOriginal,01- DIGITAL PHOTOS 2013-2026,UNKNOWN,UNKNOWN,UNKNOWN,UNKNOWN,UNKNOWN,UNKNOWN,2023-2026 TODAY,UNKNOWN,GOOD,,,,,,,,,NOT_REVIEWED,
P139,IMG_0284.JPG,15 YEARS OF US/01- DIGITAL PHOTOS 2013-2026,https://drive.google.com/file/d/18K3akZIG2TembItfusi8LZyBZE_FPgMx/view?usp=drivesdk,image/jpeg,2049,1536,822914,2023:08:03 19:32:38,2023-08-03,HIGH,EXIF DateTimeOriginal,01- DIGITAL PHOTOS 2013-2026,UNKNOWN,UNKNOWN,UNKNOWN,UNKNOWN,UNKNOWN,UNKNOWN,2023-2026 TODAY,UNKNOWN,GOOD,,,,,,,,,NOT_REVIEWED,
P140,IMG_0296.JPG,15 YEARS OF US/01- DIGITAL PHOTOS 2013-2026,https://drive.google.com/file/d/1ekqAEdWmc25ZuMQOEDF82zP_FWLCYu0I/view?usp=drivesdk,image/jpeg,1850,2048,931109,2023:08:03 19:38:06,2023-08-03,HIGH,EXIF DateTimeOriginal,01- DIGITAL PHOTOS 2013-2026,UNKNOWN,UNKNOWN,UNKNOWN,UNKNOWN,UNKNOWN,UNKNOWN,2023-2026 TODAY,UNKNOWN,GOOD,,,,,,,,,NOT_REVIEWED,
P141,IMG_0306.JPG,15 YEARS OF US/01- DIGITAL PHOTOS 2013-2026,https://drive.google.com/file/d/10hl0siH9OTQ9GeeEGJyN_2IU56RVYfa8/view?usp=drivesdk,image/jpeg,1536,2049,1578234,2023:08:03 19:55:19,2023-08-03,HIGH,EXIF DateTimeOriginal,01- DIGITAL PHOTOS 2013-2026,UNKNOWN,UNKNOWN,UNKNOWN,UNKNOWN,UNKNOWN,UNKNOWN,2023-2026 TODAY,UNKNOWN,GOOD,,,,,,,,,NOT_REVIEWED,
P142,IMG_5484.JPG,15 YEARS OF US/01- DIGITAL PHOTOS 2013-2026,https://drive.google.com/file/d/1GAzLDo4uzEKW_uYX0-CCGoyT6wiw42tO/view?usp=drivesdk,image/jpeg,2011,2048,1213804,2023:09:03 18:35:25,2023-09-03,HIGH,EXIF DateTimeOriginal,01- DIGITAL PHOTOS 2013-2026,UNKNOWN,UNKNOWN,UNKNOWN,UNKNOWN,UNKNOWN,UNKNOWN,2023-2026 TODAY,UNKNOWN,GOOD,,,,,,,,,NOT_REVIEWED,
P143,IMG_7231.JPG,15 YEARS OF US/01- DIGITAL PHOTOS 2013-2026,https://drive.google.com/file/d/1w7bYV8TpmzJw8IIzdPQVaAfehEZWV7vl/view?usp=drivesdk,image/jpeg,1536,2048,962011,2024:12:07 17:13:17,2024-12-07,HIGH,EXIF DateTimeOriginal,01- DIGITAL PHOTOS 2013-2026,UNKNOWN,UNKNOWN,UNKNOWN,UNKNOWN,UNKNOWN,UNKNOWN,2023-2026 TODAY,UNKNOWN,GOOD,,,,,,,,,NOT_REVIEWED,
P144,IMG_4078.JPG,15 YEARS OF US/01- DIGITAL PHOTOS 2013-2026,https://drive.google.com/file/d/1fI1ClJ3P8BppXar6bHpUfXKNjlTnkPJj/view?usp=drivesdk,image/jpeg,1536,2126,913259,2024:12:07 17:30:18,2024-12-07,HIGH,EXIF DateTimeOriginal,01- DIGITAL PHOTOS 2013-2026,UNKNOWN,UNKNOWN,UNKNOWN,UNKNOWN,UNKNOWN,UNKNOWN,2023-2026 TODAY,UNKNOWN,GOOD,,,,,,,,,NOT_REVIEWED,
P145,IMG_9665.JPG,15 YEARS OF US/01- DIGITAL PHOTOS 2013-2026,https://drive.google.com/file/d/1n3APBonpqrwSAPuXIwCFBOZcthRiJRr3/view?usp=drivesdk,image/jpeg,1578,2048,982714,2024:12:08 11:03:29,2024-12-08,HIGH,EXIF DateTimeOriginal,01- DIGITAL PHOTOS 2013-2026,UNKNOWN,UNKNOWN,UNKNOWN,UNKNOWN,UNKNOWN,UNKNOWN,2023-2026 TODAY,UNKNOWN,GOOD,,,,,,,,,NOT_REVIEWED,
P146,IMG_7265.JPG,15 YEARS OF US/01- DIGITAL PHOTOS 2013-2026,https://drive.google.com/file/d/179Ey9FpTMLCtNF_zM2K2AAvn6TCXZEzX/view?usp=drivesdk,image/jpeg,1536,2048,1701551,2024:12:08 12:10:51,2024-12-08,HIGH,EXIF DateTimeOriginal,01- DIGITAL PHOTOS 2013-2026,UNKNOWN,UNKNOWN,UNKNOWN,UNKNOWN,UNKNOWN,UNKNOWN,2023-2026 TODAY,UNKNOWN,GOOD,,,,,,,,,NOT_REVIEWED,
P147,IMG_9774.JPG,15 YEARS OF US/01- DIGITAL PHOTOS 2013-2026,https://drive.google.com/file/d/1W7zkZAw9k9HEP3R0-SVUg_SQ43OZTkrt/view?usp=drivesdk,image/jpeg,1536,2048,925480,2024:12:15 13:04:50,2024-12-15,HIGH,EXIF DateTimeOriginal,01- DIGITAL PHOTOS 2013-2026,UNKNOWN,UNKNOWN,UNKNOWN,UNKNOWN,UNKNOWN,UNKNOWN,2023-2026 TODAY,UNKNOWN,GOOD,,,,,,,,,NOT_REVIEWED,
P148,IMG_7426.JPG,15 YEARS OF US/01- DIGITAL PHOTOS 2013-2026,https://drive.google.com/file/d/1eh9UWPvtVTLxMruLilTt242e8zShfNcp/view?usp=drivesdk,image/jpeg,1536,2048,1391857,2024:12:20 07:57:15,2024-12-20,HIGH,EXIF DateTimeOriginal,01- DIGITAL PHOTOS 2013-2026,UNKNOWN,UNKNOWN,UNKNOWN,UNKNOWN,UNKNOWN,UNKNOWN,2023-2026 TODAY,UNKNOWN,GOOD,,,,,,,,,NOT_REVIEWED,
P149,IMG_9920.JPG,15 YEARS OF US/01- DIGITAL PHOTOS 2013-2026,https://drive.google.com/file/d/1TUFQMpV6UfDXg9R4vuXhkLMCTTao2_R9/view?usp=drivesdk,image/jpeg,2048,1536,1102052,2024:12:24 15:36:01,2024-12-24,HIGH,EXIF DateTimeOriginal,01- DIGITAL PHOTOS 2013-2026,UNKNOWN,UNKNOWN,UNKNOWN,UNKNOWN,UNKNOWN,UNKNOWN,2023-2026 TODAY,UNKNOWN,GOOD,,,,,,,,,NOT_REVIEWED,
P150,IMG_9969.JPG,15 YEARS OF US/01- DIGITAL PHOTOS 2013-2026,https://drive.google.com/file/d/1h8M6ncjsT5KN4LfzFQMyRO9mm8YxJlKC/view?usp=drivesdk,image/jpeg,2048,1536,933699,2024:12:25 19:20:52,2024-12-25,HIGH,EXIF DateTimeOriginal,01- DIGITAL PHOTOS 2013-2026,UNKNOWN,UNKNOWN,UNKNOWN,UNKNOWN,UNKNOWN,UNKNOWN,2023-2026 TODAY,UNKNOWN,USABLE (dark),,,,,,,,,NOT_REVIEWED,
P151,IMG_9975.JPG,15 YEARS OF US/01- DIGITAL PHOTOS 2013-2026,https://drive.google.com/file/d/1mS9YaSDjXRa7W2FIKrDglkPxS6MSgqgO/view?usp=drivesdk,image/jpeg,2048,1668,912193,2024:12:28 10:15:45,2024-12-28,HIGH,EXIF DateTimeOriginal,01- DIGITAL PHOTOS 2013-2026,UNKNOWN,UNKNOWN,UNKNOWN,UNKNOWN,UNKNOWN,UNKNOWN,2023-2026 TODAY,UNKNOWN,GOOD,,,,,,,,,NOT_REVIEWED,
P152,IMG_0143.JPG,15 YEARS OF US/01- DIGITAL PHOTOS 2013-2026,https://drive.google.com/file/d/1DBWEa1brhwJT15beUGd3GgFQ-nDz-84q/view?usp=drivesdk,image/jpeg,2048,1536,1145171,2025:01:11 10:22:51,2025-01-11,HIGH,EXIF DateTimeOriginal,01- DIGITAL PHOTOS 2013-2026,UNKNOWN,UNKNOWN,UNKNOWN,UNKNOWN,UNKNOWN,UNKNOWN,2023-2026 TODAY,UNKNOWN,GOOD,,,,,,,,,NOT_REVIEWED,
P153,IMG_0511.JPG,15 YEARS OF US/01- DIGITAL PHOTOS 2013-2026,https://drive.google.com/file/d/1mFafGVmnXFO8cnXRVNNf5OGfYIm6Zmu0/view?usp=drivesdk,image/jpeg,2048,1794,821232,2025:02:17 11:32:39,2025-02-17,HIGH,EXIF DateTimeOriginal,01- DIGITAL PHOTOS 2013-2026,UNKNOWN,UNKNOWN,UNKNOWN,UNKNOWN,UNKNOWN,UNKNOWN,2023-2026 TODAY,UNKNOWN,GOOD,,,,,,,,,NOT_REVIEWED,
P154,IMG_3286.JPG,15 YEARS OF US/01- DIGITAL PHOTOS 2013-2026,https://drive.google.com/file/d/1QGNg-mKYY4BOfTeY8xn4Fz6bkDyRaXJU/view?usp=drivesdk,image/jpeg,1536,2048,902698,2025:03:11 17:52:40,2025-03-11,HIGH,EXIF DateTimeOriginal,01- DIGITAL PHOTOS 2013-2026,UNKNOWN,UNKNOWN,UNKNOWN,UNKNOWN,UNKNOWN,UNKNOWN,2023-2026 TODAY,UNKNOWN,GOOD,,,,,,,,,NOT_REVIEWED,
P155,IMG_3287.JPG,15 YEARS OF US/01- DIGITAL PHOTOS 2013-2026,https://drive.google.com/file/d/1jcnfDsMDjD_S2ltLfa6YWWC24lVKdrI-/view?usp=drivesdk,image/jpeg,1536,2048,788333,2025:03:12 17:21:42,2025-03-12,HIGH,EXIF DateTimeOriginal,01- DIGITAL PHOTOS 2013-2026,UNKNOWN,UNKNOWN,UNKNOWN,UNKNOWN,UNKNOWN,UNKNOWN,2023-2026 TODAY,UNKNOWN,GOOD,,,,,,,,,NOT_REVIEWED,
P156,IMG_1043.HEIC.JPG,15 YEARS OF US/01- DIGITAL PHOTOS 2013-2026,https://drive.google.com/file/d/1D--MDLwByZ-hQR9ORzABK0Mg8bCmkzYb/view?usp=drivesdk,image/jpeg,2048,1536,867450,2025:03:15 16:13:47,2025-03-15,HIGH,EXIF DateTimeOriginal,01- DIGITAL PHOTOS 2013-2026,UNKNOWN,UNKNOWN,UNKNOWN,UNKNOWN,UNKNOWN,UNKNOWN,2023-2026 TODAY,UNKNOWN,GOOD,,,,,,,,,NOT_REVIEWED,
P157,IMG_8629.JPG,15 YEARS OF US/01- DIGITAL PHOTOS 2013-2026,https://drive.google.com/file/d/1cB49WmFeVeqaiss3u2D3jxdTTOIJDx1J/view?usp=drivesdk,image/jpeg,2104,1535,1535495,2025:04:13 10:32:22,2025-04-13,HIGH,EXIF DateTimeOriginal,01- DIGITAL PHOTOS 2013-2026,UNKNOWN,UNKNOWN,UNKNOWN,UNKNOWN,UNKNOWN,UNKNOWN,2023-2026 TODAY,UNKNOWN,GOOD,,,,,,,,,NOT_REVIEWED,
P158,IMG_8632.JPG,15 YEARS OF US/01- DIGITAL PHOTOS 2013-2026,https://drive.google.com/file/d/10dQ3P2PTf4wkCM-p9e98bLaEpIzuNipb/view?usp=drivesdk,image/jpeg,1121,1545,1009953,2025:04:13 11:52:12,2025-04-13,HIGH,EXIF DateTimeOriginal,01- DIGITAL PHOTOS 2013-2026,UNKNOWN,UNKNOWN,UNKNOWN,UNKNOWN,UNKNOWN,UNKNOWN,2023-2026 TODAY,UNKNOWN,GOOD,,,,,,,,,NOT_REVIEWED,
P159,IMG_8659.JPG,15 YEARS OF US/01- DIGITAL PHOTOS 2013-2026,https://drive.google.com/file/d/1bjJPden-uiDH4VG_VCOTltwvSH357A4P/view?usp=drivesdk,image/jpeg,1536,2048,1110528,2025:04:18 11:52:27,2025-04-18,HIGH,EXIF DateTimeOriginal,01- DIGITAL PHOTOS 2013-2026,UNKNOWN,UNKNOWN,UNKNOWN,UNKNOWN,UNKNOWN,UNKNOWN,2023-2026 TODAY,UNKNOWN,GOOD,,,,,,,,,NOT_REVIEWED,
P160,IMG_3659.JPG,15 YEARS OF US/01- DIGITAL PHOTOS 2013-2026,https://drive.google.com/file/d/12Zeuz3jAZifOXQW7R-t8qJI35Nhp3ZIx/view?usp=drivesdk,image/jpeg,1536,2048,1577346,2025:04:20 11:32:31,2025-04-20,HIGH,EXIF DateTimeOriginal,01- DIGITAL PHOTOS 2013-2026,UNKNOWN,UNKNOWN,UNKNOWN,UNKNOWN,UNKNOWN,UNKNOWN,2023-2026 TODAY,UNKNOWN,GOOD,,,,,,,,,NOT_REVIEWED,
P161,IMG_8817.JPG,15 YEARS OF US/01- DIGITAL PHOTOS 2013-2026,https://drive.google.com/file/d/1svQ03775bWNDprA63T0VvGv8err7R-7B/view?usp=drivesdk,image/jpeg,2048,1536,864393,2025:05:03 10:51:13,2025-05-03,HIGH,EXIF DateTimeOriginal,01- DIGITAL PHOTOS 2013-2026,UNKNOWN,UNKNOWN,UNKNOWN,UNKNOWN,UNKNOWN,UNKNOWN,2023-2026 TODAY,UNKNOWN,GOOD,,,,,,,,,NOT_REVIEWED,
P162,IMG_3830.JPG,15 YEARS OF US/01- DIGITAL PHOTOS 2013-2026,https://drive.google.com/file/d/1zWOKJ7f-iT9ErwQxDIxA-yQMUYbsYRmn/view?usp=drivesdk,image/jpeg,1536,2048,739228,2025:05:03 12:21:38,2025-05-03,HIGH,EXIF DateTimeOriginal,01- DIGITAL PHOTOS 2013-2026,UNKNOWN,UNKNOWN,UNKNOWN,UNKNOWN,UNKNOWN,UNKNOWN,2023-2026 TODAY,UNKNOWN,GOOD,,,,,,,,,NOT_REVIEWED,
P163,IMG_3837.JPG,15 YEARS OF US/01- DIGITAL PHOTOS 2013-2026,https://drive.google.com/file/d/1o0qlMBWGCoJ_C8IuP1otYGSbWwjCrUZl/view?usp=drivesdk,image/jpeg,1614,2048,938819,2025:05:03 12:25:17,2025-05-03,HIGH,EXIF DateTimeOriginal,01- DIGITAL PHOTOS 2013-2026,UNKNOWN,UNKNOWN,UNKNOWN,UNKNOWN,UNKNOWN,UNKNOWN,2023-2026 TODAY,UNKNOWN,GOOD,,,,,,,,,NOT_REVIEWED,
P164,IMG_8825.JPG,15 YEARS OF US/01- DIGITAL PHOTOS 2013-2026,https://drive.google.com/file/d/1HzEtp0oMcKOs71fqpsXyGnPeg_CODmyT/view?usp=drivesdk,image/jpeg,1536,2048,1247368,2025:05:03 16:06:23,2025-05-03,HIGH,EXIF DateTimeOriginal,01- DIGITAL PHOTOS 2013-2026,UNKNOWN,UNKNOWN,UNKNOWN,UNKNOWN,UNKNOWN,UNKNOWN,2023-2026 TODAY,UNKNOWN,GOOD,,,,,,,,,NOT_REVIEWED,
P165,IMG_8887.JPG,15 YEARS OF US/01- DIGITAL PHOTOS 2013-2026,https://drive.google.com/file/d/1UvORhI-saSwiKAhPeWxRYYwbSXDCyHet/view?usp=drivesdk,image/jpeg,2048,1536,1252851,2025:05:11 10:02:49,2025-05-11,HIGH,EXIF DateTimeOriginal,01- DIGITAL PHOTOS 2013-2026,UNKNOWN,UNKNOWN,UNKNOWN,UNKNOWN,UNKNOWN,UNKNOWN,2023-2026 TODAY,UNKNOWN,GOOD,,,,,,,,,NOT_REVIEWED,
P166,IMG_3908.JPG,15 YEARS OF US/01- DIGITAL PHOTOS 2013-2026,https://drive.google.com/file/d/1Mcxuf6ZO41Q7Yci62K23oLPiUsHs2z2F/view?usp=drivesdk,image/jpeg,1536,2048,1333287,2025:05:11 14:06:20,2025-05-11,HIGH,EXIF DateTimeOriginal,01- DIGITAL PHOTOS 2013-2026,UNKNOWN,UNKNOWN,UNKNOWN,UNKNOWN,UNKNOWN,UNKNOWN,2023-2026 TODAY,UNKNOWN,GOOD,,,,,,,,,NOT_REVIEWED,
P167,IMG_1537.JPG,15 YEARS OF US/01- DIGITAL PHOTOS 2013-2026,https://drive.google.com/file/d/1Aim5weCBGCz6Jt1rl1YVAiEGxLEzc6IX/view?usp=drivesdk,image/jpeg,1918,2048,1385219,2025:05:11 15:44:17,2025-05-11,HIGH,EXIF DateTimeOriginal,01- DIGITAL PHOTOS 2013-2026,UNKNOWN,UNKNOWN,UNKNOWN,UNKNOWN,UNKNOWN,UNKNOWN,2023-2026 TODAY,UNKNOWN,GOOD,,,,,,,,,NOT_REVIEWED,
P168,IMG_9006.JPG,15 YEARS OF US/01- DIGITAL PHOTOS 2013-2026,https://drive.google.com/file/d/1uCmiyVKHQwh5hhMehX-vLcomimJ6T6gR/view?usp=drivesdk,image/jpeg,1536,2048,1315664,2025:06:03 19:09:45,2025-06-03,HIGH,EXIF DateTimeOriginal,01- DIGITAL PHOTOS 2013-2026,UNKNOWN,UNKNOWN,UNKNOWN,UNKNOWN,UNKNOWN,UNKNOWN,2023-2026 TODAY,UNKNOWN,GOOD,,,,,,,,,NOT_REVIEWED,
P169,IMG_9058.JPG,15 YEARS OF US/01- DIGITAL PHOTOS 2013-2026,https://drive.google.com/file/d/1FHl3NFNE4aO8n4rDF7pSDGkwrOJ5cct2/view?usp=drivesdk,image/jpeg,1536,2048,1850664,2025:06:05 08:03:39,2025-06-05,HIGH,EXIF DateTimeOriginal,01- DIGITAL PHOTOS 2013-2026,UNKNOWN,UNKNOWN,UNKNOWN,UNKNOWN,UNKNOWN,UNKNOWN,2023-2026 TODAY,UNKNOWN,GOOD,,,,,,,,,NOT_REVIEWED,
P170,IMG_9132.JPG,15 YEARS OF US/01- DIGITAL PHOTOS 2013-2026,https://drive.google.com/file/d/1oq59fsO8csJ7naz7ock0TB2R9gkqvbeK/view?usp=drivesdk,image/jpeg,1536,2284,1031300,2025:06:18 08:01:55,2025-06-18,HIGH,EXIF DateTimeOriginal,01- DIGITAL PHOTOS 2013-2026,UNKNOWN,UNKNOWN,UNKNOWN,UNKNOWN,UNKNOWN,UNKNOWN,2023-2026 TODAY,UNKNOWN,GOOD,,,,,,,,,NOT_REVIEWED,
P171,IMG_9140.JPG,15 YEARS OF US/01- DIGITAL PHOTOS 2013-2026,https://drive.google.com/file/d/1Iyrxe8uByvpmi7ZWBxQeX-fXwKJyM_wF/view?usp=drivesdk,image/jpeg,1536,2048,1217899,2025:06:18 14:38:55,2025-06-18,HIGH,EXIF DateTimeOriginal,01- DIGITAL PHOTOS 2013-2026,UNKNOWN,UNKNOWN,UNKNOWN,UNKNOWN,UNKNOWN,UNKNOWN,2023-2026 TODAY,UNKNOWN,GOOD,,,,,,,,,NOT_REVIEWED,
P172,IMG_2133.JPG,15 YEARS OF US/01- DIGITAL PHOTOS 2013-2026,https://drive.google.com/file/d/1hvsD9LGa6aMdr40dz2rdD5ICcIW93d39/view?usp=drivesdk,image/jpeg,2048,1536,1558084,2025:06:22 11:14:17,2025-06-22,HIGH,EXIF DateTimeOriginal,01- DIGITAL PHOTOS 2013-2026,UNKNOWN,UNKNOWN,UNKNOWN,UNKNOWN,UNKNOWN,UNKNOWN,2023-2026 TODAY,UNKNOWN,GOOD,,,,,,,,,NOT_REVIEWED,
P173,IMG_7862.JPG,15 YEARS OF US/01- DIGITAL PHOTOS 2013-2026,https://drive.google.com/file/d/1rUpQ4KTf2s57s_VdtzFrQmbcvb-MjBIj/view?usp=drivesdk,image/jpeg,1536,2048,1373284,2025:06:22 11:17:37,2025-06-22,HIGH,EXIF DateTimeOriginal,01- DIGITAL PHOTOS 2013-2026,UNKNOWN,UNKNOWN,UNKNOWN,UNKNOWN,UNKNOWN,UNKNOWN,2023-2026 TODAY,UNKNOWN,GOOD,,,,,,,,,NOT_REVIEWED,
P174,IMG_9221.JPG,15 YEARS OF US/01- DIGITAL PHOTOS 2013-2026,https://drive.google.com/file/d/1ctR0uxrbJqZ6UaJ1QchGX0FlTatfwrf2/view?usp=drivesdk,image/jpeg,1536,2048,667393,2025:06:29 11:33:54,2025-06-29,HIGH,EXIF DateTimeOriginal,01- DIGITAL PHOTOS 2013-2026,UNKNOWN,UNKNOWN,UNKNOWN,UNKNOWN,UNKNOWN,UNKNOWN,2023-2026 TODAY,UNKNOWN,GOOD,,,,,,,,,NOT_REVIEWED,
P175,IMG_9275.JPG,15 YEARS OF US/01- DIGITAL PHOTOS 2013-2026,https://drive.google.com/file/d/1GgNvDA2RpIQMcRnpihTeAX6IGLNNRAvV/view?usp=drivesdk,image/jpeg,1536,2048,602305,2025:07:04 18:32:08,2025-07-04,HIGH,EXIF DateTimeOriginal,01- DIGITAL PHOTOS 2013-2026,UNKNOWN,UNKNOWN,UNKNOWN,UNKNOWN,UNKNOWN,UNKNOWN,2023-2026 TODAY,UNKNOWN,GOOD,,,,,,,,,NOT_REVIEWED,
P176, IMG 9284.JPG,15 YEARS OF US/UNKNOWN,,image/jpeg,1536,2048,670885,2025:07:04 18:32:39,2025-07-04,HIGH,EXIF DateTimeOriginal,UNKNOWN,UNKNOWN,UNKNOWN,UNKNOWN,UNKNOWN,UNKNOWN,UNKNOWN,2023-2026 TODAY,UNKNOWN,GOOD,,,,,,,,,NOT_REVIEWED,
P177,IMG_2237.JPG,15 YEARS OF US/01- DIGITAL PHOTOS 2013-2026,https://drive.google.com/file/d/1r-aRMWfXzfhVEbyl85nus8ocAzidA-Ts/view?usp=drivesdk,image/jpeg,2048,1536,1698757,2025:07:05 16:24:10,2025-07-05,HIGH,EXIF DateTimeOriginal,01- DIGITAL PHOTOS 2013-2026,UNKNOWN,UNKNOWN,UNKNOWN,UNKNOWN,UNKNOWN,UNKNOWN,2023-2026 TODAY,UNKNOWN,GOOD,,,,,,,,,NOT_REVIEWED,
P178,IMG_9313.JPG,15 YEARS OF US/01- DIGITAL PHOTOS 2013-2026,https://drive.google.com/file/d/1rMiWkFO_94_OMAktTe_YVgUmI2Y90N-v/view?usp=drivesdk,image/jpeg,1536,2048,1539989,2025:07:05 20:48:56,2025-07-05,HIGH,EXIF DateTimeOriginal,01- DIGITAL PHOTOS 2013-2026,UNKNOWN,UNKNOWN,UNKNOWN,UNKNOWN,UNKNOWN,UNKNOWN,2023-2026 TODAY,UNKNOWN,GOOD,,,,,,,,,NOT_REVIEWED,
P179,IMG_9383.JPG,15 YEARS OF US/01- DIGITAL PHOTOS 2013-2026,https://drive.google.com/file/d/1xxnEJ_C-rH9CpXo3FFKoZ7oURKtnmM3W/view?usp=drivesdk,image/jpeg,1145,1558,333158,2025:07:12 16:53:43,2025-07-12,HIGH,EXIF DateTimeOriginal,01- DIGITAL PHOTOS 2013-2026,UNKNOWN,UNKNOWN,UNKNOWN,UNKNOWN,UNKNOWN,UNKNOWN,2023-2026 TODAY,UNKNOWN,GOOD,,,,,,,,,NOT_REVIEWED,
P180,IMG_9386.JPG,15 YEARS OF US/01- DIGITAL PHOTOS 2013-2026,https://drive.google.com/file/d/1eOipV-ZeX0cJL1z9lXPq6iVwPmGrUiX4/view?usp=drivesdk,image/jpeg,1536,2048,830198,2025:07:12 21:07:40,2025-07-12,HIGH,EXIF DateTimeOriginal,01- DIGITAL PHOTOS 2013-2026,UNKNOWN,UNKNOWN,UNKNOWN,UNKNOWN,UNKNOWN,UNKNOWN,2023-2026 TODAY,UNKNOWN,GOOD,,,,,,,,,NOT_REVIEWED,
P181,IMG_9396.JPG,15 YEARS OF US/01- DIGITAL PHOTOS 2013-2026,https://drive.google.com/file/d/13nL7kvmGoCjM02dERkF2fIbxIUUEjdMK/view?usp=drivesdk,image/jpeg,2048,1536,1379714,2025:07:13 15:14:52,2025-07-13,HIGH,EXIF DateTimeOriginal,01- DIGITAL PHOTOS 2013-2026,UNKNOWN,UNKNOWN,UNKNOWN,UNKNOWN,UNKNOWN,UNKNOWN,2023-2026 TODAY,UNKNOWN,GOOD,,,,,,,,,NOT_REVIEWED,
P182,IMG_2326.JPG,15 YEARS OF US/01- DIGITAL PHOTOS 2013-2026,https://drive.google.com/file/d/1fdHitvG83Z0LG4Srf3tJ_4c65XbJtiuH/view?usp=drivesdk,image/jpeg,1538,2048,1899433,2025:07:13 15:17:58,2025-07-13,HIGH,EXIF DateTimeOriginal,01- DIGITAL PHOTOS 2013-2026,UNKNOWN,UNKNOWN,UNKNOWN,UNKNOWN,UNKNOWN,UNKNOWN,2023-2026 TODAY,UNKNOWN,GOOD,,,,,,,,,NOT_REVIEWED,
P183,IMG_2386.JPG,15 YEARS OF US/01- DIGITAL PHOTOS 2013-2026,https://drive.google.com/file/d/170T5MDK6uLryGfIB_JhHxwuQ9HSLdkTt/view?usp=drivesdk,image/jpeg,2048,1536,702970,2025:07:16 16:32:18,2025-07-16,HIGH,EXIF DateTimeOriginal,01- DIGITAL PHOTOS 2013-2026,UNKNOWN,UNKNOWN,UNKNOWN,UNKNOWN,UNKNOWN,UNKNOWN,2023-2026 TODAY,UNKNOWN,GOOD,,,,,,,,,NOT_REVIEWED,
P184,IMG_9640.JPG,15 YEARS OF US/01- DIGITAL PHOTOS 2013-2026,https://drive.google.com/file/d/12WafJzyM3kIhIpF_3OAizxpdOEujn_0K/view?usp=drivesdk,image/jpeg,2048,1536,1193204,2025:08:02 15:44:43,2025-08-02,HIGH,EXIF DateTimeOriginal,01- DIGITAL PHOTOS 2013-2026,UNKNOWN,UNKNOWN,UNKNOWN,UNKNOWN,UNKNOWN,UNKNOWN,2023-2026 TODAY,UNKNOWN,GOOD,,,,,,,,,NOT_REVIEWED,
P185,IMG_4675.JPG,15 YEARS OF US/01- DIGITAL PHOTOS 2013-2026,https://drive.google.com/file/d/1MTS2ZiFx6hxOmE2VlZ5GYHcBYZhyUHNt/view?usp=drivesdk,image/jpeg,1536,2048,1072295,2025:08:02 16:00:01,2025-08-02,HIGH,EXIF DateTimeOriginal,01- DIGITAL PHOTOS 2013-2026,UNKNOWN,UNKNOWN,UNKNOWN,UNKNOWN,UNKNOWN,UNKNOWN,2023-2026 TODAY,UNKNOWN,GOOD,,,,,,,,,NOT_REVIEWED,
P186,IMG_4965.JPG,15 YEARS OF US/01- DIGITAL PHOTOS 2013-2026,https://drive.google.com/file/d/1BMypF81g0Ur4cRQj8zSGXufaQDf05Y5h/view?usp=drivesdk,image/jpeg,2486,1536,1087530,2025:09:04 18:49:31,2025-09-04,HIGH,EXIF DateTimeOriginal,01- DIGITAL PHOTOS 2013-2026,UNKNOWN,UNKNOWN,UNKNOWN,UNKNOWN,UNKNOWN,UNKNOWN,2023-2026 TODAY,UNKNOWN,GOOD,,,,,,,,,NOT_REVIEWED,
P187,IMG_9266.JPG,15 YEARS OF US/01- DIGITAL PHOTOS 2013-2026,https://drive.google.com/file/d/13m47K49R_eVcKPjnp6Eo9Fdhl0G5H988/view?usp=drivesdk,image/jpeg,1536,2048,709980,2025:10:04 18:46:26,2025-10-04,HIGH,EXIF DateTimeOriginal,01- DIGITAL PHOTOS 2013-2026,UNKNOWN,UNKNOWN,UNKNOWN,UNKNOWN,UNKNOWN,UNKNOWN,2023-2026 TODAY,UNKNOWN,GOOD,,,,,,,,,NOT_REVIEWED,
P188,IMG_0686.JPG,15 YEARS OF US/01- DIGITAL PHOTOS 2013-2026,https://drive.google.com/file/d/1ZiLnYkm1Y2-pb_5hlsG3m1uWTTgB8KuU/view?usp=drivesdk,image/jpeg,2048,1536,887093,2025:10:08 19:44:16,2025-10-08,HIGH,EXIF DateTimeOriginal,01- DIGITAL PHOTOS 2013-2026,UNKNOWN,UNKNOWN,UNKNOWN,UNKNOWN,UNKNOWN,UNKNOWN,2023-2026 TODAY,UNKNOWN,GOOD,,,,,,,,,NOT_REVIEWED,
P189,IMG_3635.JPG,15 YEARS OF US/01- DIGITAL PHOTOS 2013-2026,https://drive.google.com/file/d/1vFS5jJ7q1uS9W4jaBrfZafhWSl4VshO6/view?usp=drivesdk,image/jpeg,2048,1365,1030457,2025:10:18 13:24:06,2025-10-18,HIGH,EXIF DateTimeOriginal,01- DIGITAL PHOTOS 2013-2026,UNKNOWN,UNKNOWN,UNKNOWN,UNKNOWN,UNKNOWN,UNKNOWN,2023-2026 TODAY,UNKNOWN,GOOD,,,,,,,,,NOT_REVIEWED,
P190,IMG_3628.JPG,15 YEARS OF US/01- DIGITAL PHOTOS 2013-2026,https://drive.google.com/file/d/1jMyLEUtD7xD9g5ZFjw4OpWYOBPnDVVfD/view?usp=drivesdk,image/jpeg,1536,2470,2228413,2025:10:19 14:46:47,2025-10-19,HIGH,EXIF DateTimeOriginal,01- DIGITAL PHOTOS 2013-2026,UNKNOWN,UNKNOWN,UNKNOWN,UNKNOWN,UNKNOWN,UNKNOWN,2023-2026 TODAY,UNKNOWN,GOOD,,,,,,,,,NOT_REVIEWED,
P191,IMG_3727.JPG,15 YEARS OF US/01- DIGITAL PHOTOS 2013-2026,https://drive.google.com/file/d/1QvqpQLcx_G8Yw3mSY85Cj078GwJl3kf1/view?usp=drivesdk,image/jpeg,2048,1536,1454728,2025:10:26 13:47:50,2025-10-26,HIGH,EXIF DateTimeOriginal,01- DIGITAL PHOTOS 2013-2026,UNKNOWN,UNKNOWN,UNKNOWN,UNKNOWN,UNKNOWN,UNKNOWN,2023-2026 TODAY,UNKNOWN,GOOD,,,,,,,,,NOT_REVIEWED,
P192,IMG_0925.JPG,15 YEARS OF US/01- DIGITAL PHOTOS 2013-2026,https://drive.google.com/file/d/1wDo6a9rGfjlYnVTJBo3N4UyPAA0kN8GF/view?usp=drivesdk,image/jpeg,1536,2048,889657,2025:10:30 06:44:28,2025-10-30,HIGH,EXIF DateTimeOriginal,01- DIGITAL PHOTOS 2013-2026,UNKNOWN,UNKNOWN,UNKNOWN,UNKNOWN,UNKNOWN,UNKNOWN,2023-2026 TODAY,UNKNOWN,GOOD,,,,,,,,,NOT_REVIEWED,
P193,IMG_5783.JPG,15 YEARS OF US/01- DIGITAL PHOTOS 2013-2026,https://drive.google.com/file/d/1hAdk4xTOZhTkx9JpzpLGrQrRwkjq3pol/view?usp=drivesdk,image/jpeg,1536,2416,1054533,2025:10:31 16:56:12,2025-10-31,HIGH,EXIF DateTimeOriginal,01- DIGITAL PHOTOS 2013-2026,UNKNOWN,UNKNOWN,UNKNOWN,UNKNOWN,UNKNOWN,UNKNOWN,2023-2026 TODAY,UNKNOWN,GOOD,,,,,,,,,NOT_REVIEWED,
P194,IMG_1137.JPG,15 YEARS OF US/01- DIGITAL PHOTOS 2013-2026,https://drive.google.com/file/d/1-_5QoXcvrzmz15bkWkauyVAsVYRUOdlY/view?usp=drivesdk,image/jpeg,1536,2048,1253986,2025:11:05 09:34:13,2025-11-05,HIGH,EXIF DateTimeOriginal,01- DIGITAL PHOTOS 2013-2026,UNKNOWN,UNKNOWN,UNKNOWN,UNKNOWN,UNKNOWN,UNKNOWN,2023-2026 TODAY,UNKNOWN,GOOD,,,,,,,,,NOT_REVIEWED,
P195,IMG_8783.JPG,15 YEARS OF US/01- DIGITAL PHOTOS 2013-2026,https://drive.google.com/file/d/1IKaYfOEV9egoSm6vGoI8d8tXZxErXgGC/view?usp=drivesdk,image/jpeg,2304,1536,1075276,2025:12:01 00:04:54,2025-12-01,HIGH,EXIF DateTimeOriginal,01- DIGITAL PHOTOS 2013-2026,UNKNOWN,UNKNOWN,UNKNOWN,UNKNOWN,UNKNOWN,UNKNOWN,2023-2026 TODAY,UNKNOWN,GOOD,,,,,,,,,NOT_REVIEWED,
P196,IMG_1334.JPG,15 YEARS OF US/01- DIGITAL PHOTOS 2013-2026,https://drive.google.com/file/d/1O51uANM1WdEgd1cazwwUvArx3TxpQhDA/view?usp=drivesdk,image/jpeg,1536,2048,1136622,2025:12:05 19:17:45,2025-12-05,HIGH,EXIF DateTimeOriginal,01- DIGITAL PHOTOS 2013-2026,UNKNOWN,UNKNOWN,UNKNOWN,UNKNOWN,UNKNOWN,UNKNOWN,2023-2026 TODAY,UNKNOWN,GOOD,,,,,,,,,NOT_REVIEWED,
P197,IMG_1335.JPG,15 YEARS OF US/01- DIGITAL PHOTOS 2013-2026,https://drive.google.com/file/d/18wi-ZuWH3cMiYdVxrUfsEzDfmkhsLthg/view?usp=drivesdk,image/jpeg,1536,2048,895975,2025:12:05 19:18:55,2025-12-05,HIGH,EXIF DateTimeOriginal,01- DIGITAL PHOTOS 2013-2026,UNKNOWN,UNKNOWN,UNKNOWN,UNKNOWN,UNKNOWN,UNKNOWN,2023-2026 TODAY,UNKNOWN,USABLE (dark),,,,,,,,,NOT_REVIEWED,
P198,IMG_1359.JPG,15 YEARS OF US/01- DIGITAL PHOTOS 2013-2026,https://drive.google.com/file/d/1XQ1rajbmhKRKPsBJPao8-3RWjq-agOo-/view?usp=drivesdk,image/jpeg,1536,2048,1002221,2025:12:06 19:30:56,2025-12-06,HIGH,EXIF DateTimeOriginal,01- DIGITAL PHOTOS 2013-2026,UNKNOWN,UNKNOWN,UNKNOWN,UNKNOWN,UNKNOWN,UNKNOWN,2023-2026 TODAY,UNKNOWN,GOOD,,,,,,,,,NOT_REVIEWED,
P199,IMG_1421.JPG,15 YEARS OF US/01- DIGITAL PHOTOS 2013-2026,https://drive.google.com/file/d/1mmG9WNjfhxZBwMoj6R5r-eEMChLAdZfu/view?usp=drivesdk,image/jpeg,1536,2048,1604580,2025:12:14 13:06:50,2025-12-14,HIGH,EXIF DateTimeOriginal,01- DIGITAL PHOTOS 2013-2026,UNKNOWN,UNKNOWN,UNKNOWN,UNKNOWN,UNKNOWN,UNKNOWN,2023-2026 TODAY,UNKNOWN,GOOD,,,,,,,,,NOT_REVIEWED,
P200,IMG_1450.JPG,15 YEARS OF US/01- DIGITAL PHOTOS 2013-2026,https://drive.google.com/file/d/1RjjVnQPwP9kxCljwBx2yH8ZV0zeCo0eJ/view?usp=drivesdk,image/jpeg,1536,2048,1252752,2025:12:20 08:41:31,2025-12-20,HIGH,EXIF DateTimeOriginal,01- DIGITAL PHOTOS 2013-2026,UNKNOWN,UNKNOWN,UNKNOWN,UNKNOWN,UNKNOWN,UNKNOWN,2023-2026 TODAY,UNKNOWN,GOOD,,,,,,,,,NOT_REVIEWED,
P201,IMG_1465.JPG,15 YEARS OF US/01- DIGITAL PHOTOS 2013-2026,https://drive.google.com/file/d/1HNqDmTFVK9HfkCJZuneDtnhU5sTHxSJt/view?usp=drivesdk,image/jpeg,1630,2048,1270287,2025:12:21 09:14:58,2025-12-21,HIGH,EXIF DateTimeOriginal,01- DIGITAL PHOTOS 2013-2026,UNKNOWN,UNKNOWN,UNKNOWN,UNKNOWN,UNKNOWN,UNKNOWN,2023-2026 TODAY,UNKNOWN,GOOD,,,,,,,,,NOT_REVIEWED,
P202,IMG_1499.JPG,15 YEARS OF US/01- DIGITAL PHOTOS 2013-2026,https://drive.google.com/file/d/1WpVzX4yTZ6G0t02j_7MwkhC0RVb6MJCu/view?usp=drivesdk,image/jpeg,1536,2048,1006772,2025:12:24 15:57:56,2025-12-24,HIGH,EXIF DateTimeOriginal,01- DIGITAL PHOTOS 2013-2026,UNKNOWN,UNKNOWN,UNKNOWN,UNKNOWN,UNKNOWN,UNKNOWN,2023-2026 TODAY,UNKNOWN,GOOD,,,,,,,,,NOT_REVIEWED,
P203,IMG_4595.JPG,15 YEARS OF US/01- DIGITAL PHOTOS 2013-2026,https://drive.google.com/file/d/1u0ASHsU0_J5LI3sFZXU_T_SrUQ8dxNpZ/view?usp=drivesdk,image/jpeg,1536,2048,979881,2025:12:24 17:38:53,2025-12-24,HIGH,EXIF DateTimeOriginal,01- DIGITAL PHOTOS 2013-2026,UNKNOWN,UNKNOWN,UNKNOWN,UNKNOWN,UNKNOWN,UNKNOWN,2023-2026 TODAY,UNKNOWN,GOOD,,,,,,,,,NOT_REVIEWED,
P204,IMG_4614.JPG,15 YEARS OF US/01- DIGITAL PHOTOS 2013-2026,https://drive.google.com/file/d/11yOP1MFkhLBhBe_OnjviVS8bdNyKENrP/view?usp=drivesdk,image/jpeg,1536,2048,1074136,2025:12:24 18:41:45,2025-12-24,HIGH,EXIF DateTimeOriginal,01- DIGITAL PHOTOS 2013-2026,UNKNOWN,UNKNOWN,UNKNOWN,UNKNOWN,UNKNOWN,UNKNOWN,2023-2026 TODAY,UNKNOWN,GOOD,,,,,,,,,NOT_REVIEWED,
P205,IMG_4663.JPG,15 YEARS OF US/01- DIGITAL PHOTOS 2013-2026,https://drive.google.com/file/d/1ubVzHj68UCNPNfCNL65bqIc2lW4I0lt3/view?usp=drivesdk,image/jpeg,1536,2358,1369294,2025:12:25 08:34:30,2025-12-25,HIGH,EXIF DateTimeOriginal,01- DIGITAL PHOTOS 2013-2026,UNKNOWN,UNKNOWN,UNKNOWN,UNKNOWN,UNKNOWN,UNKNOWN,2023-2026 TODAY,UNKNOWN,GOOD,,,,,,,,,NOT_REVIEWED,
P206,IMG_1522.JPG,15 YEARS OF US/01- DIGITAL PHOTOS 2013-2026,https://drive.google.com/file/d/1aaUCfhAuny6b3Z7ZSRzniJ3gEyc90-12/view?usp=drivesdk,image/jpeg,1536,2048,1316877,2025:12:25 08:35:03,2025-12-25,HIGH,EXIF DateTimeOriginal,01- DIGITAL PHOTOS 2013-2026,UNKNOWN,UNKNOWN,UNKNOWN,UNKNOWN,UNKNOWN,UNKNOWN,2023-2026 TODAY,UNKNOWN,GOOD,,,,,,,,,NOT_REVIEWED,
P207,IMG_5226.JPG,15 YEARS OF US/01- DIGITAL PHOTOS 2013-2026,https://drive.google.com/file/d/1GkLIaz_9JfwoVfWDXuFdw8_RA6B7K2pk/view?usp=drivesdk,image/jpeg,1178,1976,542415,2026:02:16 09:06:06,2026-02-16,HIGH,EXIF DateTimeOriginal,01- DIGITAL PHOTOS 2013-2026,UNKNOWN,UNKNOWN,UNKNOWN,UNKNOWN,UNKNOWN,UNKNOWN,2023-2026 TODAY,UNKNOWN,GOOD,,,,,,,,,NOT_REVIEWED,
P208,IMG_5229.JPG,15 YEARS OF US/01- DIGITAL PHOTOS 2013-2026,https://drive.google.com/file/d/1aQPqp2atG6ebT6tsiexD0DCdCWAz1w0G/view?usp=drivesdk,image/jpeg,1179,1478,469419,2026:02:16 09:17:59,2026-02-16,HIGH,EXIF DateTimeOriginal,01- DIGITAL PHOTOS 2013-2026,UNKNOWN,UNKNOWN,UNKNOWN,UNKNOWN,UNKNOWN,UNKNOWN,2023-2026 TODAY,UNKNOWN,GOOD,,,,,,,,,NOT_REVIEWED,
P209,IMG_2167.JPG,15 YEARS OF US/01- DIGITAL PHOTOS 2013-2026,https://drive.google.com/file/d/1MshSKA99eJZTlfTOqdNSrQPz_XeJs8y4/view?usp=drivesdk,image/jpeg,1560,2048,1416354,2026:03:17 16:34:10,2026-03-17,HIGH,EXIF DateTimeOriginal,01- DIGITAL PHOTOS 2013-2026,UNKNOWN,UNKNOWN,UNKNOWN,UNKNOWN,UNKNOWN,UNKNOWN,2023-2026 TODAY,UNKNOWN,GOOD,,,,,,,,,NOT_REVIEWED,
P210,IMG_1129.JPG,15 YEARS OF US/01- DIGITAL PHOTOS 2013-2026,https://drive.google.com/file/d/1s9dcNZZxETDAk02L06KQwX5Me6xN_AE3/view?usp=drivesdk,image/jpeg,1536,2048,1017806,2026:04:05 11:18:38,2026-04-05,HIGH,EXIF DateTimeOriginal,01- DIGITAL PHOTOS 2013-2026,UNKNOWN,UNKNOWN,UNKNOWN,UNKNOWN,UNKNOWN,UNKNOWN,2023-2026 TODAY,UNKNOWN,GOOD,,,,,,,,,NOT_REVIEWED,
P211,IMG_2008.JPG,15 YEARS OF US/01- DIGITAL PHOTOS 2013-2026,https://drive.google.com/file/d/1OsTPnWyakKudxbKcfHaf72VOOkioSOyI/view?usp=drivesdk,image/jpeg,1536,2048,1474892,2026:04:12 09:30:27,2026-04-12,HIGH,EXIF DateTimeOriginal,01- DIGITAL PHOTOS 2013-2026,UNKNOWN,UNKNOWN,UNKNOWN,UNKNOWN,UNKNOWN,UNKNOWN,2023-2026 TODAY,UNKNOWN,GOOD,,,,,,,,,NOT_REVIEWED,
P212,IMG_5732.JPG,15 YEARS OF US/01- DIGITAL PHOTOS 2013-2026,https://drive.google.com/file/d/15vgg8dEV9gdFc9HApeqFBNy1NySU1N0z/view?usp=drivesdk,image/jpeg,2048,1536,1254394,2026:04:13 20:11:32,2026-04-13,HIGH,EXIF DateTimeOriginal,01- DIGITAL PHOTOS 2013-2026,UNKNOWN,UNKNOWN,UNKNOWN,UNKNOWN,UNKNOWN,UNKNOWN,2023-2026 TODAY,UNKNOWN,GOOD,,,,,,,,,NOT_REVIEWED,
P213,IMG_5790.JPG,15 YEARS OF US/01- DIGITAL PHOTOS 2013-2026,https://drive.google.com/file/d/1a3YzjqGi7xnk6kbgcn8aEP-DAsrM4ZpB/view?usp=drivesdk,image/jpeg,1762,2048,1982212,2026:04:18 14:24:36,2026-04-18,HIGH,EXIF DateTimeOriginal,01- DIGITAL PHOTOS 2013-2026,UNKNOWN,UNKNOWN,UNKNOWN,UNKNOWN,UNKNOWN,UNKNOWN,2023-2026 TODAY,UNKNOWN,GOOD,,,,,,,,,NOT_REVIEWED,
P214,IMG_2407.JPG,15 YEARS OF US/01- DIGITAL PHOTOS 2013-2026,https://drive.google.com/file/d/1JQJ_nCjLYI3zApGuYDqTB3_dDQ64CeBL/view?usp=drivesdk,image/jpeg,1536,2048,1219412,2026:04:23 10:48:30,2026-04-23,HIGH,EXIF DateTimeOriginal,01- DIGITAL PHOTOS 2013-2026,UNKNOWN,UNKNOWN,UNKNOWN,UNKNOWN,UNKNOWN,UNKNOWN,2023-2026 TODAY,UNKNOWN,GOOD,,,,,,,,,NOT_REVIEWED,
P215,IMG_5893.JPG,15 YEARS OF US/01- DIGITAL PHOTOS 2013-2026,https://drive.google.com/file/d/16JwqfSlHpElZ7GZRNqHymt7sDnB7dM_S/view?usp=drivesdk,image/jpeg,2048,1536,2695117,2026:04:26 15:25:03,2026-04-26,HIGH,EXIF DateTimeOriginal,01- DIGITAL PHOTOS 2013-2026,UNKNOWN,UNKNOWN,UNKNOWN,UNKNOWN,UNKNOWN,UNKNOWN,2023-2026 TODAY,UNKNOWN,GOOD,,,,,,,,,NOT_REVIEWED,
P216,IMG_5909.JPG,15 YEARS OF US/01- DIGITAL PHOTOS 2013-2026,https://drive.google.com/file/d/11zF990veEcEI9xlSJGoWiwkz2Raj2gAk/view?usp=drivesdk,image/jpeg,2048,1892,2311977,2026:04:27 17:09:20,2026-04-27,HIGH,EXIF DateTimeOriginal,01- DIGITAL PHOTOS 2013-2026,UNKNOWN,UNKNOWN,UNKNOWN,UNKNOWN,UNKNOWN,UNKNOWN,2023-2026 TODAY,UNKNOWN,GOOD,,,,,,,,,NOT_REVIEWED,
P217,IMG_5913.JPG,15 YEARS OF US/01- DIGITAL PHOTOS 2013-2026,https://drive.google.com/file/d/1-tUHEH-JtXnWaUfqwxEbwUflNCn4QqHu/view?usp=drivesdk,image/jpeg,1536,2048,1662029,2026:04:27 17:09:37,2026-04-27,HIGH,EXIF DateTimeOriginal,01- DIGITAL PHOTOS 2013-2026,UNKNOWN,UNKNOWN,UNKNOWN,UNKNOWN,UNKNOWN,UNKNOWN,2023-2026 TODAY,UNKNOWN,GOOD,,,,,,,,,NOT_REVIEWED,
P218,IMG_2448.JPG,15 YEARS OF US/01- DIGITAL PHOTOS 2013-2026,https://drive.google.com/file/d/1YNyvfX0ywadAsnz9g39hwGWr_O8R8jA3/view?usp=drivesdk,image/jpeg,1536,2048,1350595,2026:04:27 19:01:58,2026-04-27,HIGH,EXIF DateTimeOriginal,01- DIGITAL PHOTOS 2013-2026,UNKNOWN,UNKNOWN,UNKNOWN,UNKNOWN,UNKNOWN,UNKNOWN,2023-2026 TODAY,UNKNOWN,GOOD,,,,,,,,,NOT_REVIEWED,
P219,IMG_6136.JPG,15 YEARS OF US/01- DIGITAL PHOTOS 2013-2026,https://drive.google.com/file/d/1PlKnps00-8JV1qdkGTV8YYG2hBi3urg8/view?usp=drivesdk,image/jpeg,2048,1536,1238209,2026:05:09 12:00:15,2026-05-09,HIGH,EXIF DateTimeOriginal,01- DIGITAL PHOTOS 2013-2026,UNKNOWN,UNKNOWN,UNKNOWN,UNKNOWN,UNKNOWN,UNKNOWN,2023-2026 TODAY,UNKNOWN,GOOD,,,,,,,,,NOT_REVIEWED,
P220,IMG_6142.JPG,15 YEARS OF US/01- DIGITAL PHOTOS 2013-2026,https://drive.google.com/file/d/1gq1-IC8Bo0gk-fBa4VXEHxdEYNthnNyt/view?usp=drivesdk,image/jpeg,2048,1536,1416279,2026:05:09 15:59:45,2026-05-09,HIGH,EXIF DateTimeOriginal,01- DIGITAL PHOTOS 2013-2026,UNKNOWN,UNKNOWN,UNKNOWN,UNKNOWN,UNKNOWN,UNKNOWN,2023-2026 TODAY,UNKNOWN,GOOD,,,,,,,,,NOT_REVIEWED,
P221,IMG_2507.JPG,15 YEARS OF US/01- DIGITAL PHOTOS 2013-2026,https://drive.google.com/file/d/1l_4NjjJi_ZSDCSdOYucefM7z059MgIw2/view?usp=drivesdk,image/jpeg,1165,769,274828,2026:05:13 16:25:57,2026-05-13,HIGH,EXIF DateTimeOriginal,01- DIGITAL PHOTOS 2013-2026,UNKNOWN,UNKNOWN,UNKNOWN,UNKNOWN,UNKNOWN,UNKNOWN,2023-2026 TODAY,UNKNOWN,GOOD,,,,,,,,,NOT_REVIEWED,
P222,IMG_2528.JPG,15 YEARS OF US/01- DIGITAL PHOTOS 2013-2026,https://drive.google.com/file/d/1uS9_WGYe7WnJDzAfbphTS22Y2RGpLldY/view?usp=drivesdk,image/jpeg,1536,2048,1058064,2026:05:17 10:35:00,2026-05-17,HIGH,EXIF DateTimeOriginal,01- DIGITAL PHOTOS 2013-2026,UNKNOWN,UNKNOWN,UNKNOWN,UNKNOWN,UNKNOWN,UNKNOWN,2023-2026 TODAY,UNKNOWN,GOOD,,,,,,,,,NOT_REVIEWED,
P223,IMG_2540.JPG,15 YEARS OF US/01- DIGITAL PHOTOS 2013-2026,https://drive.google.com/file/d/180LaDaY2iCVdRzt4cK7lEKbcQVOtNRrj/view?usp=drivesdk,image/jpeg,1536,2048,1293517,2026:05:17 14:07:18,2026-05-17,HIGH,EXIF DateTimeOriginal,01- DIGITAL PHOTOS 2013-2026,UNKNOWN,UNKNOWN,UNKNOWN,UNKNOWN,UNKNOWN,UNKNOWN,2023-2026 TODAY,UNKNOWN,GOOD,,,,,,,,,NOT_REVIEWED,
P224,IMG_7002.JPG,15 YEARS OF US/01- DIGITAL PHOTOS 2013-2026,https://drive.google.com/file/d/1_OT0RvIPqhhNVMEoPfHnaksemcwAe_de/view?usp=drivesdk,image/jpeg,1536,2048,1344001,2026:06:17 19:22:56,2026-06-17,HIGH,EXIF DateTimeOriginal,01- DIGITAL PHOTOS 2013-2026,UNKNOWN,UNKNOWN,UNKNOWN,UNKNOWN,UNKNOWN,UNKNOWN,2023-2026 TODAY,UNKNOWN,GOOD,,,,,,,,,NOT_REVIEWED,
P225, IMG 7004.JPG,15 YEARS OF US/UNKNOWN,,image/jpeg,1536,2048,520218,2026:06:17 19:23:06,2026-06-17,HIGH,EXIF DateTimeOriginal,UNKNOWN,UNKNOWN,UNKNOWN,UNKNOWN,UNKNOWN,UNKNOWN,UNKNOWN,2023-2026 TODAY,UNKNOWN,GOOD,,,,,,,,,NOT_REVIEWED,
P226,IMG_2730.JPG,15 YEARS OF US/01- DIGITAL PHOTOS 2013-2026,https://drive.google.com/file/d/113TRPUHROfKPxorafa40T2zdIO8Yn7af/view?usp=drivesdk,image/jpeg,1536,2326,1835327,2026:06:18 07:11:29,2026-06-18,HIGH,EXIF DateTimeOriginal,01- DIGITAL PHOTOS 2013-2026,UNKNOWN,UNKNOWN,UNKNOWN,UNKNOWN,UNKNOWN,UNKNOWN,2023-2026 TODAY,UNKNOWN,GOOD,,,,,,,,,NOT_REVIEWED,
P227,IMG_2738.JPG,15 YEARS OF US/01- DIGITAL PHOTOS 2013-2026,https://drive.google.com/file/d/1D-RnvXWlcsE1-6H1qa4sk_YGZi8ciOOB/view?usp=drivesdk,image/jpeg,1536,2380,925702,2026:06:18 08:07:31,2026-06-18,HIGH,EXIF DateTimeOriginal,01- DIGITAL PHOTOS 2013-2026,UNKNOWN,UNKNOWN,UNKNOWN,UNKNOWN,UNKNOWN,UNKNOWN,2023-2026 TODAY,UNKNOWN,GOOD,,,,,,,,,NOT_REVIEWED,
P228,IMG_7092.JPG,15 YEARS OF US/01- DIGITAL PHOTOS 2013-2026,https://drive.google.com/file/d/1heKmF17CHP1rz56Ic2KLe1eYpopJOMTs/view?usp=drivesdk,image/jpeg,1179,778,276600,2026:06:22 14:01:03,2026-06-22,HIGH,EXIF DateTimeOriginal,01- DIGITAL PHOTOS 2013-2026,UNKNOWN,UNKNOWN,UNKNOWN,UNKNOWN,UNKNOWN,UNKNOWN,2023-2026 TODAY,UNKNOWN,GOOD,,,,,,,,,NOT_REVIEWED,
P229,IMG_7110.JPG,15 YEARS OF US/01- DIGITAL PHOTOS 2013-2026,https://drive.google.com/file/d/1UPnkgRTwHDT1e4ohf919QQrbLjCI_7C0/view?usp=drivesdk,image/jpeg,2048,1536,1226385,2026:06:23 11:17:41,2026-06-23,HIGH,EXIF DateTimeOriginal,01- DIGITAL PHOTOS 2013-2026,UNKNOWN,UNKNOWN,UNKNOWN,UNKNOWN,UNKNOWN,UNKNOWN,2023-2026 TODAY,UNKNOWN,GOOD,,,,,,,,,NOT_REVIEWED,
P230,IMG_2898.JPG,15 YEARS OF US/01- DIGITAL PHOTOS 2013-2026,https://drive.google.com/file/d/1qIwMMO0V3CucaNGI0tNNHlULnQE7eRUk/view?usp=drivesdk,image/jpeg,1536,2048,826559,2026:07:03 20:42:54,2026-07-03,HIGH,EXIF DateTimeOriginal,01- DIGITAL PHOTOS 2013-2026,UNKNOWN,UNKNOWN,UNKNOWN,UNKNOWN,UNKNOWN,UNKNOWN,2023-2026 TODAY,UNKNOWN,GOOD,,,,,,,,,NOT_REVIEWED,
P231,IMG_2899.JPG,15 YEARS OF US/01- DIGITAL PHOTOS 2013-2026,https://drive.google.com/file/d/1QBEWs6f7bXgWxMV0HGZSa6HNIBNom9iL/view?usp=drivesdk,image/jpeg,1536,2048,703973,2026:07:03 20:43:10,2026-07-03,HIGH,EXIF DateTimeOriginal,01- DIGITAL PHOTOS 2013-2026,UNKNOWN,UNKNOWN,UNKNOWN,UNKNOWN,UNKNOWN,UNKNOWN,2023-2026 TODAY,UNKNOWN,GOOD,,,,,,,,,NOT_REVIEWED,
P232, IMG 2934.JPG,15 YEARS OF US/UNKNOWN,,image/jpeg,1536,2048,1481933,2026:07:04 16:25:18,2026-07-04,HIGH,EXIF DateTimeOriginal,UNKNOWN,UNKNOWN,UNKNOWN,UNKNOWN,UNKNOWN,UNKNOWN,UNKNOWN,2023-2026 TODAY,UNKNOWN,GOOD,,,,,,,,,NOT_REVIEWED,
P233,IMG_7389.jpg,15 YEARS OF US/01- DIGITAL PHOTOS 2013-2026,https://drive.google.com/file/d/1ccoQxiJOi4WGKHjIWfF4r84q5rL3-JpP/view?usp=drivesdk,image/jpeg,1206,2012,603285,2026:07:11 15:24:48,2026-07-11,HIGH,EXIF DateTimeOriginal,01- DIGITAL PHOTOS 2013-2026,UNKNOWN,UNKNOWN,UNKNOWN,UNKNOWN,UNKNOWN,UNKNOWN,2023-2026 TODAY,UNKNOWN,GOOD,,,,,,,,,NOT_REVIEWED,
P234,IMG_7452.jpg,15 YEARS OF US/01- DIGITAL PHOTOS 2013-2026,https://drive.google.com/file/d/10QRVbmCSbTb52mIdXZHVpkBH0M5LQBSO/view?usp=drivesdk,image/jpeg,1206,1692,466264,2026:07:14 00:06:06,2026-07-14,HIGH,EXIF DateTimeOriginal,01- DIGITAL PHOTOS 2013-2026,UNKNOWN,UNKNOWN,UNKNOWN,UNKNOWN,UNKNOWN,UNKNOWN,2023-2026 TODAY,UNKNOWN,GOOD,,,,,,,,,NOT_REVIEWED,
P235,IMG_7463.jpg,15 YEARS OF US/01- DIGITAL PHOTOS 2013-2026,https://drive.google.com/file/d/15vn3XmYlheUo_cVVcTvtlGp5u2yBeDix/view?usp=drivesdk,image/jpeg,1536,2048,698941,2026:07:14 20:00:29,2026-07-14,HIGH,EXIF DateTimeOriginal,01- DIGITAL PHOTOS 2013-2026,UNKNOWN,UNKNOWN,UNKNOWN,UNKNOWN,UNKNOWN,UNKNOWN,2023-2026 TODAY,UNKNOWN,GOOD,,,,,,,,,NOT_REVIEWED,
P236,IMG_3150.JPG,15 YEARS OF US/01- DIGITAL PHOTOS 2013-2026,https://drive.google.com/file/d/1MI_5Z6oKFHt0vm2uYDcyDzhgT09YaiAQ/view?usp=drivesdk,image/jpeg,2048,1536,1191103,2026:07:26 11:35:58,2026-07-26,HIGH,EXIF DateTimeOriginal,01- DIGITAL PHOTOS 2013-2026,UNKNOWN,UNKNOWN,UNKNOWN,UNKNOWN,UNKNOWN,UNKNOWN,2023-2026 TODAY,UNKNOWN,GOOD,,,,,,,,,NOT_REVIEWED,
P237,IMG_7635.jpg,15 YEARS OF US/01- DIGITAL PHOTOS 2013-2026,https://drive.google.com/file/d/1aKKopvDyUxF3X9TKhHYxvtILC-r57xeH/view?usp=drivesdk,image/jpeg,1536,2048,976498,2026:07:30 08:18:58,2026-07-30,HIGH,EXIF DateTimeOriginal,01- DIGITAL PHOTOS 2013-2026,UNKNOWN,UNKNOWN,UNKNOWN,UNKNOWN,UNKNOWN,UNKNOWN,2023-2026 TODAY,UNKNOWN,GOOD,,,,,,,,,NOT_REVIEWED,
P238,IMG_3335.JPG,15 YEARS OF US/01- DIGITAL PHOTOS 2013-2026,https://drive.google.com/file/d/1DnSTlsSrYg39nBHMSmJLSNOVoBTvrN_T/view?usp=drivesdk,image/jpeg,1536,2048,1192148,2026:08:09 12:58:16,2026-08-09,HIGH,EXIF DateTimeOriginal,01- DIGITAL PHOTOS 2013-2026,UNKNOWN,UNKNOWN,UNKNOWN,UNKNOWN,UNKNOWN,UNKNOWN,2023-2026 TODAY,UNKNOWN,GOOD,,,,,,,,,NOT_REVIEWED,
P239,IMG_7776.jpg,15 YEARS OF US/01- DIGITAL PHOTOS 2013-2026,https://drive.google.com/file/d/162M4jvrQMANR1fRL6-w12hqvynQofSU-/view?usp=drivesdk,image/jpeg,2048,1536,1022504,2026:08:09 14:47:26,2026-08-09,HIGH,EXIF DateTimeOriginal,01- DIGITAL PHOTOS 2013-2026,UNKNOWN,UNKNOWN,UNKNOWN,UNKNOWN,UNKNOWN,UNKNOWN,2023-2026 TODAY,UNKNOWN,GOOD,,,,,,,,,NOT_REVIEWED,
P240,IMG_3342.JPG,15 YEARS OF US/01- DIGITAL PHOTOS 2013-2026,https://drive.google.com/file/d/1Zfg9e4xr4Dzh1mujmNmMrfsrudPhGq7c/view?usp=drivesdk,image/jpeg,1536,2048,1303530,2026:08:09 14:56:09,2026-08-09,HIGH,EXIF DateTimeOriginal,01- DIGITAL PHOTOS 2013-2026,UNKNOWN,UNKNOWN,UNKNOWN,UNKNOWN,UNKNOWN,UNKNOWN,2023-2026 TODAY,UNKNOWN,GOOD,,,,,,,,,NOT_REVIEWED,
P241, 808237686.852614.jpg,15 YEARS OF US/UNKNOWN,,image/jpeg,3500,2333,2149604,2026:08:12 10:28:06,UNKNOWN,UNKNOWN,"scan artifact (GooglePhotoScan) - EXIF is scan date, needs visual dating",UNKNOWN,UNKNOWN,UNKNOWN,UNKNOWN,UNKNOWN,UNKNOWN,UNKNOWN,UNKNOWN (scanned print - date TBD),UNKNOWN,GOOD,,,,,,,,,NOT_REVIEWED,
P242, 808239573.959973.jpg,15 YEARS OF US/UNKNOWN,,image/jpeg,3500,2333,2189654,2026:08:12 10:59:33,UNKNOWN,UNKNOWN,"scan artifact (GooglePhotoScan) - EXIF is scan date, needs visual dating",UNKNOWN,UNKNOWN,UNKNOWN,UNKNOWN,UNKNOWN,UNKNOWN,UNKNOWN,UNKNOWN (scanned print - date TBD),UNKNOWN,GOOD,,,,,,,,,NOT_REVIEWED,
P243,808237172.652079.jpg,15 YEARS OF US/02 - OLD PHOTOS 2003-2013,https://drive.google.com/file/d/1fI79Hp_YysQAzT8DF-HTxUDri2UTCq02/view?usp=drivesdk,image/jpeg,3500,2333,2160715,2026:08:12 10:19:32,UNKNOWN,UNKNOWN,"scan artifact (GooglePhotoScan) - EXIF is scan date, needs visual dating",02 - OLD PHOTOS 2003-2013,UNKNOWN,UNKNOWN,UNKNOWN,UNKNOWN,UNKNOWN,UNKNOWN,UNKNOWN (scanned print - date TBD),UNKNOWN,GOOD,,,,,,,,,NOT_REVIEWED,
P244,808237188.897263.jpg,15 YEARS OF US/02 - OLD PHOTOS 2003-2013,https://drive.google.com/file/d/1VhZ3cCCj_jGm_OLX9f8INbQJSeslkESu/view?usp=drivesdk,image/jpeg,2333,3500,1850007,2026:08:12 10:19:48,UNKNOWN,UNKNOWN,"scan artifact (GooglePhotoScan) - EXIF is scan date, needs visual dating",02 - OLD PHOTOS 2003-2013,UNKNOWN,UNKNOWN,UNKNOWN,UNKNOWN,UNKNOWN,UNKNOWN,UNKNOWN (scanned print - date TBD),UNKNOWN,GOOD,,,,,,,,,NOT_REVIEWED,
P245,808237270.538917.jpg,15 YEARS OF US/02 - OLD PHOTOS 2003-2013,https://drive.google.com/file/d/1MHq9PJ7t9kAAcO0cYWxpLyBP_FXRSyt1/view?usp=drivesdk,image/jpeg,3500,2333,1693072,2026:08:12 10:21:10,UNKNOWN,UNKNOWN,"scan artifact (GooglePhotoScan) - EXIF is scan date, needs visual dating",02 - OLD PHOTOS 2003-2013,UNKNOWN,UNKNOWN,UNKNOWN,UNKNOWN,UNKNOWN,UNKNOWN,UNKNOWN (scanned print - date TBD),UNKNOWN,GOOD,,,,,,,,,NOT_REVIEWED,
P246,808237292.079488.jpg,15 YEARS OF US/02 - OLD PHOTOS 2003-2013,https://drive.google.com/file/d/1VpRMQbc9cDaq72K2lEEDitygkNKfPaz4/view?usp=drivesdk,image/jpeg,3500,2333,1849324,2026:08:12 10:21:32,UNKNOWN,UNKNOWN,"scan artifact (GooglePhotoScan) - EXIF is scan date, needs visual dating",02 - OLD PHOTOS 2003-2013,UNKNOWN,UNKNOWN,UNKNOWN,UNKNOWN,UNKNOWN,UNKNOWN,UNKNOWN (scanned print - date TBD),UNKNOWN,GOOD,,,,,,,,,NOT_REVIEWED,
P247,808237311.073606.jpg,15 YEARS OF US/02 - OLD PHOTOS 2003-2013,https://drive.google.com/file/d/1Sx2KSXqlUz5ffl_jkIKa7h32oWwzxwhf/view?usp=drivesdk,image/jpeg,2333,3500,1924549,2026:08:12 10:21:51,UNKNOWN,UNKNOWN,"scan artifact (GooglePhotoScan) - EXIF is scan date, needs visual dating",02 - OLD PHOTOS 2003-2013,UNKNOWN,UNKNOWN,UNKNOWN,UNKNOWN,UNKNOWN,UNKNOWN,UNKNOWN (scanned print - date TBD),UNKNOWN,GOOD,,,,,,,,,NOT_REVIEWED,
P248,808237353.275005.jpg,15 YEARS OF US/02 - OLD PHOTOS 2003-2013,https://drive.google.com/file/d/1D3AKzCTbEvaSlpbwKO5aUyy6zpHtU5oF/view?usp=drivesdk,image/jpeg,2333,3500,1600317,2026:08:12 10:22:33,UNKNOWN,UNKNOWN,"scan artifact (GooglePhotoScan) - EXIF is scan date, needs visual dating",02 - OLD PHOTOS 2003-2013,UNKNOWN,UNKNOWN,UNKNOWN,UNKNOWN,UNKNOWN,UNKNOWN,UNKNOWN (scanned print - date TBD),UNKNOWN,GOOD,,,,,,,,,NOT_REVIEWED,
P249,808237398.841690.jpg,15 YEARS OF US/02 - OLD PHOTOS 2003-2013,https://drive.google.com/file/d/1Oon3a795RDx4h8SGni8N3-LmN64tTr6t/view?usp=drivesdk,image/jpeg,2333,3500,2242498,2026:08:12 10:23:18,UNKNOWN,UNKNOWN,"scan artifact (GooglePhotoScan) - EXIF is scan date, needs visual dating",02 - OLD PHOTOS 2003-2013,UNKNOWN,UNKNOWN,UNKNOWN,UNKNOWN,UNKNOWN,UNKNOWN,UNKNOWN (scanned print - date TBD),UNKNOWN,GOOD,,,,,,,,,NOT_REVIEWED,
P250,808237429.683961.jpg,15 YEARS OF US/02 - OLD PHOTOS 2003-2013,https://drive.google.com/file/d/1fPIzbduKjKtOI6XuNg9f2EmXohhUaozJ/view?usp=drivesdk,image/jpeg,2333,3500,1784281,2026:08:12 10:23:49,UNKNOWN,UNKNOWN,"scan artifact (GooglePhotoScan) - EXIF is scan date, needs visual dating",02 - OLD PHOTOS 2003-2013,UNKNOWN,UNKNOWN,UNKNOWN,UNKNOWN,UNKNOWN,UNKNOWN,UNKNOWN (scanned print - date TBD),UNKNOWN,GOOD,,,,,,,,,NOT_REVIEWED,
P251,808237446.649130.jpg,15 YEARS OF US/02 - OLD PHOTOS 2003-2013,https://drive.google.com/file/d/1TZ4JKRdLqSvh1T4yAdchp7wodJEW3o0K/view?usp=drivesdk,image/jpeg,2333,3500,2034521,2026:08:12 10:24:06,UNKNOWN,UNKNOWN,"scan artifact (GooglePhotoScan) - EXIF is scan date, needs visual dating",02 - OLD PHOTOS 2003-2013,UNKNOWN,UNKNOWN,UNKNOWN,UNKNOWN,UNKNOWN,UNKNOWN,UNKNOWN (scanned print - date TBD),UNKNOWN,GOOD,,,,,,,,,NOT_REVIEWED,
P252,808237603.178377.jpg,15 YEARS OF US/02 - OLD PHOTOS 2003-2013,https://drive.google.com/file/d/16RABaVimIP6MLQFZGwKVvuB7oeBHqVSb/view?usp=drivesdk,image/jpeg,3500,2333,1945210,2026:08:12 10:26:43,UNKNOWN,UNKNOWN,"scan artifact (GooglePhotoScan) - EXIF is scan date, needs visual dating",02 - OLD PHOTOS 2003-2013,UNKNOWN,UNKNOWN,UNKNOWN,UNKNOWN,UNKNOWN,UNKNOWN,UNKNOWN (scanned print - date TBD),UNKNOWN,GOOD,,,,,,,,,NOT_REVIEWED,
P253,808237641.187769.jpg,15 YEARS OF US/02 - OLD PHOTOS 2003-2013,https://drive.google.com/file/d/17nuPFbepaJ78sOpVNSPFuHr4HKo8HCbq/view?usp=drivesdk,image/jpeg,3500,2333,1906041,2026:08:12 10:27:21,UNKNOWN,UNKNOWN,"scan artifact (GooglePhotoScan) - EXIF is scan date, needs visual dating",02 - OLD PHOTOS 2003-2013,UNKNOWN,UNKNOWN,UNKNOWN,UNKNOWN,UNKNOWN,UNKNOWN,UNKNOWN (scanned print - date TBD),UNKNOWN,GOOD,,,,,,,,,NOT_REVIEWED,
P254,808237655.666514.jpg,15 YEARS OF US/02 - OLD PHOTOS 2003-2013,https://drive.google.com/file/d/1RDNkKUEDxEC3P6eHxfTGQELZ_v1A0T17/view?usp=drivesdk,image/jpeg,3500,2333,1854061,2026:08:12 10:27:35,UNKNOWN,UNKNOWN,"scan artifact (GooglePhotoScan) - EXIF is scan date, needs visual dating",02 - OLD PHOTOS 2003-2013,UNKNOWN,UNKNOWN,UNKNOWN,UNKNOWN,UNKNOWN,UNKNOWN,UNKNOWN (scanned print - date TBD),UNKNOWN,GOOD,,,,,,,,,NOT_REVIEWED,
P255,808237672.195282.jpg,15 YEARS OF US/02 - OLD PHOTOS 2003-2013,https://drive.google.com/file/d/1ztb8ZPvq0_WVrsx2vowfH9AlJdBmmKsA/view?usp=drivesdk,image/jpeg,3500,2333,1928837,2026:08:12 10:27:52,UNKNOWN,UNKNOWN,"scan artifact (GooglePhotoScan) - EXIF is scan date, needs visual dating",02 - OLD PHOTOS 2003-2013,UNKNOWN,UNKNOWN,UNKNOWN,UNKNOWN,UNKNOWN,UNKNOWN,UNKNOWN (scanned print - date TBD),UNKNOWN,GOOD,,,,,,,,,NOT_REVIEWED,
P256,808237701.452569.jpg,15 YEARS OF US/02 - OLD PHOTOS 2003-2013,https://drive.google.com/file/d/1WkEwgE2LKqGZ0Yf77K-O0v-PKyHL5Hc5/view?usp=drivesdk,image/jpeg,3500,2333,2041973,2026:08:12 10:28:21,UNKNOWN,UNKNOWN,"scan artifact (GooglePhotoScan) - EXIF is scan date, needs visual dating",02 - OLD PHOTOS 2003-2013,UNKNOWN,UNKNOWN,UNKNOWN,UNKNOWN,UNKNOWN,UNKNOWN,UNKNOWN (scanned print - date TBD),UNKNOWN,GOOD,,,,,,,,,NOT_REVIEWED,
P257,808237780.795335.jpg,15 YEARS OF US/02 - OLD PHOTOS 2003-2013,https://drive.google.com/file/d/1YN5P8jpfzA9RPcmCK-SM4wcZ7r7cXRh2/view?usp=drivesdk,image/jpeg,3500,2333,2040890,2026:08:12 10:29:40,UNKNOWN,UNKNOWN,"scan artifact (GooglePhotoScan) - EXIF is scan date, needs visual dating",02 - OLD PHOTOS 2003-2013,UNKNOWN,UNKNOWN,UNKNOWN,UNKNOWN,UNKNOWN,UNKNOWN,UNKNOWN (scanned print - date TBD),UNKNOWN,GOOD,,,,,,,,,NOT_REVIEWED,
P258,808237831.850991.jpg,15 YEARS OF US/02 - OLD PHOTOS 2003-2013,https://drive.google.com/file/d/1lllynTVIw4Xw_avwrp0hUGj-RmTHdCjN/view?usp=drivesdk,image/jpeg,3500,2333,2347268,2026:08:12 10:30:31,UNKNOWN,UNKNOWN,"scan artifact (GooglePhotoScan) - EXIF is scan date, needs visual dating",02 - OLD PHOTOS 2003-2013,UNKNOWN,UNKNOWN,UNKNOWN,UNKNOWN,UNKNOWN,UNKNOWN,UNKNOWN (scanned print - date TBD),UNKNOWN,GOOD,,,,,,,,,NOT_REVIEWED,
P259,808237845.197929.jpg,15 YEARS OF US/02 - OLD PHOTOS 2003-2013,https://drive.google.com/file/d/1nEQmffxdyCGRMKKWe5d2GQkZ8eq6zDRu/view?usp=drivesdk,image/jpeg,3500,2333,1844046,2026:08:12 10:30:45,UNKNOWN,UNKNOWN,"scan artifact (GooglePhotoScan) - EXIF is scan date, needs visual dating",02 - OLD PHOTOS 2003-2013,UNKNOWN,UNKNOWN,UNKNOWN,UNKNOWN,UNKNOWN,UNKNOWN,UNKNOWN (scanned print - date TBD),UNKNOWN,GOOD,,,,,,,,,NOT_REVIEWED,
P260,808237860.095140.jpg,15 YEARS OF US/02 - OLD PHOTOS 2003-2013,https://drive.google.com/file/d/1sGPRkFOKdeB-2i5UJSzdqL-3LiAIPPcO/view?usp=drivesdk,image/jpeg,2333,3500,2475000,2026:08:12 10:31:00,UNKNOWN,UNKNOWN,"scan artifact (GooglePhotoScan) - EXIF is scan date, needs visual dating",02 - OLD PHOTOS 2003-2013,UNKNOWN,UNKNOWN,UNKNOWN,UNKNOWN,UNKNOWN,UNKNOWN,UNKNOWN (scanned print - date TBD),UNKNOWN,GOOD,,,,,,,,,NOT_REVIEWED,
P261,808237873.452788.jpg,15 YEARS OF US/02 - OLD PHOTOS 2003-2013,https://drive.google.com/file/d/1jIhNVy6kJ_O29vYEa69eBnaUcPKWsimF/view?usp=drivesdk,image/jpeg,3500,2464,2262196,2026:08:12 10:31:13,UNKNOWN,UNKNOWN,"scan artifact (GooglePhotoScan) - EXIF is scan date, needs visual dating",02 - OLD PHOTOS 2003-2013,UNKNOWN,UNKNOWN,UNKNOWN,UNKNOWN,UNKNOWN,UNKNOWN,UNKNOWN (scanned print - date TBD),UNKNOWN,GOOD,,,,,,,,,NOT_REVIEWED,
P262,808237886.672352.jpg,15 YEARS OF US/02 - OLD PHOTOS 2003-2013,https://drive.google.com/file/d/1TUnpQmFNtnZ22Uy4aj85ByjTvMoI-V81/view?usp=drivesdk,image/jpeg,3500,2333,1936500,2026:08:12 10:31:26,UNKNOWN,UNKNOWN,"scan artifact (GooglePhotoScan) - EXIF is scan date, needs visual dating",02 - OLD PHOTOS 2003-2013,UNKNOWN,UNKNOWN,UNKNOWN,UNKNOWN,UNKNOWN,UNKNOWN,UNKNOWN (scanned print - date TBD),UNKNOWN,GOOD,,,,,,,,,NOT_REVIEWED,
P263,808237900.776337.jpg,15 YEARS OF US/02 - OLD PHOTOS 2003-2013,https://drive.google.com/file/d/1U-W_Q1_I0-2VznhtA71OZNNak3knGiiC/view?usp=drivesdk,image/jpeg,3500,2333,2162859,2026:08:12 10:31:40,UNKNOWN,UNKNOWN,"scan artifact (GooglePhotoScan) - EXIF is scan date, needs visual dating",02 - OLD PHOTOS 2003-2013,UNKNOWN,UNKNOWN,UNKNOWN,UNKNOWN,UNKNOWN,UNKNOWN,UNKNOWN (scanned print - date TBD),UNKNOWN,GOOD,,,,,,,,,NOT_REVIEWED,
P264,808237914.282403.jpg,15 YEARS OF US/02 - OLD PHOTOS 2003-2013,https://drive.google.com/file/d/1Qq12LmjKIlw_QDdXkFLgm506G90JO-hg/view?usp=drivesdk,image/jpeg,1969,1969,860362,2026:08:12 10:31:54,UNKNOWN,UNKNOWN,"scan artifact (GooglePhotoScan) - EXIF is scan date, needs visual dating",02 - OLD PHOTOS 2003-2013,UNKNOWN,UNKNOWN,UNKNOWN,UNKNOWN,UNKNOWN,UNKNOWN,UNKNOWN (scanned print - date TBD),UNKNOWN,GOOD,,,,,,,,,NOT_REVIEWED,
P265,808237956.795177.jpg,15 YEARS OF US/02 - OLD PHOTOS 2003-2013,https://drive.google.com/file/d/1uNBJ1zkE2lYs43C7Fn4-oEolur_mt4Yi/view?usp=drivesdk,image/jpeg,3500,2166,2138154,2026:08:12 10:32:36,UNKNOWN,UNKNOWN,"scan artifact (GooglePhotoScan) - EXIF is scan date, needs visual dating",02 - OLD PHOTOS 2003-2013,UNKNOWN,UNKNOWN,UNKNOWN,UNKNOWN,UNKNOWN,UNKNOWN,UNKNOWN (scanned print - date TBD),UNKNOWN,GOOD,,,,,,,,,NOT_REVIEWED,
P266,808237971.207523.jpg,15 YEARS OF US/02 - OLD PHOTOS 2003-2013,https://drive.google.com/file/d/1DUOWD6RGKiODUiQWncu6v8U7SMGRGxNF/view?usp=drivesdk,image/jpeg,3500,2333,2359262,2026:08:12 10:32:51,UNKNOWN,UNKNOWN,"scan artifact (GooglePhotoScan) - EXIF is scan date, needs visual dating",02 - OLD PHOTOS 2003-2013,UNKNOWN,UNKNOWN,UNKNOWN,UNKNOWN,UNKNOWN,UNKNOWN,UNKNOWN (scanned print - date TBD),UNKNOWN,GOOD,,,,,,,,,NOT_REVIEWED,
P267,808238064.551831.jpg,15 YEARS OF US/02 - OLD PHOTOS 2003-2013,https://drive.google.com/file/d/1x-aee1UOntTt4NuCRnNdNhXiAt2c_523/view?usp=drivesdk,image/jpeg,2333,3500,2142073,2026:08:12 10:34:24,UNKNOWN,UNKNOWN,"scan artifact (GooglePhotoScan) - EXIF is scan date, needs visual dating",02 - OLD PHOTOS 2003-2013,UNKNOWN,UNKNOWN,UNKNOWN,UNKNOWN,UNKNOWN,UNKNOWN,UNKNOWN (scanned print - date TBD),UNKNOWN,GOOD,,,,,,,,,NOT_REVIEWED,
P268,808238084.494587.jpg,15 YEARS OF US/02 - OLD PHOTOS 2003-2013,https://drive.google.com/file/d/1WKaSVqz1b1XzilzUxkDfQm3nZI46P2jh/view?usp=drivesdk,image/jpeg,3500,2333,2165146,2026:08:12 10:34:44,UNKNOWN,UNKNOWN,"scan artifact (GooglePhotoScan) - EXIF is scan date, needs visual dating",02 - OLD PHOTOS 2003-2013,UNKNOWN,UNKNOWN,UNKNOWN,UNKNOWN,UNKNOWN,UNKNOWN,UNKNOWN (scanned print - date TBD),UNKNOWN,GOOD,,,,,,,,,NOT_REVIEWED,
P269,808238126.387389.jpg,15 YEARS OF US/02 - OLD PHOTOS 2003-2013,https://drive.google.com/file/d/18jKS47w5_cCmfJltEjtdhkqSYBaUY3RC/view?usp=drivesdk,image/jpeg,2625,3500,2462531,2026:08:12 10:35:26,UNKNOWN,UNKNOWN,"scan artifact (GooglePhotoScan) - EXIF is scan date, needs visual dating",02 - OLD PHOTOS 2003-2013,UNKNOWN,UNKNOWN,UNKNOWN,UNKNOWN,UNKNOWN,UNKNOWN,UNKNOWN (scanned print - date TBD),UNKNOWN,GOOD,,,,,,,,,NOT_REVIEWED,
P270,808238781.149799.jpg,15 YEARS OF US/02 - OLD PHOTOS 2003-2013,https://drive.google.com/file/d/1nWDEQCgBYGY8hkaq4bhZYIFPiiAoQ3vB/view?usp=drivesdk,image/jpeg,1122,1969,503172,2026:08:12 10:46:21,UNKNOWN,UNKNOWN,"scan artifact (GooglePhotoScan) - EXIF is scan date, needs visual dating",02 - OLD PHOTOS 2003-2013,UNKNOWN,UNKNOWN,UNKNOWN,UNKNOWN,UNKNOWN,UNKNOWN,UNKNOWN (scanned print - date TBD),UNKNOWN,GOOD,,,,,,,,,NOT_REVIEWED,
P271,808238834.918744.jpg,15 YEARS OF US/02 - OLD PHOTOS 2003-2013,https://drive.google.com/file/d/1AWwz8nMPi3u5y7uwVm0xwMRX9qMvuCPX/view?usp=drivesdk,image/jpeg,3500,2333,2010123,2026:08:12 10:47:14,UNKNOWN,UNKNOWN,"scan artifact (GooglePhotoScan) - EXIF is scan date, needs visual dating",02 - OLD PHOTOS 2003-2013,UNKNOWN,UNKNOWN,UNKNOWN,UNKNOWN,UNKNOWN,UNKNOWN,UNKNOWN (scanned print - date TBD),UNKNOWN,GOOD,,,,,,,,,NOT_REVIEWED,
P272,808238847.787057.jpg,15 YEARS OF US/02 - OLD PHOTOS 2003-2013,https://drive.google.com/file/d/1m7RdHAwT3uGi7t_XVka_aViCiHerDLOR/view?usp=drivesdk,image/jpeg,3500,2625,2330841,2026:08:12 10:47:27,UNKNOWN,UNKNOWN,"scan artifact (GooglePhotoScan) - EXIF is scan date, needs visual dating",02 - OLD PHOTOS 2003-2013,UNKNOWN,UNKNOWN,UNKNOWN,UNKNOWN,UNKNOWN,UNKNOWN,UNKNOWN (scanned print - date TBD),UNKNOWN,GOOD,,,,,,,,,NOT_REVIEWED,
P273,808238879.361158.jpg,15 YEARS OF US/02 - OLD PHOTOS 2003-2013,https://drive.google.com/file/d/19NgNDN-JlwOZyjjLEr6OiDwlbOJtf04j/view?usp=drivesdk,image/jpeg,2333,3500,1984358,2026:08:12 10:47:59,UNKNOWN,UNKNOWN,"scan artifact (GooglePhotoScan) - EXIF is scan date, needs visual dating",02 - OLD PHOTOS 2003-2013,UNKNOWN,UNKNOWN,UNKNOWN,UNKNOWN,UNKNOWN,UNKNOWN,UNKNOWN (scanned print - date TBD),UNKNOWN,GOOD,,,,,,,,,NOT_REVIEWED,
P274,808238892.778693.jpg,15 YEARS OF US/02 - OLD PHOTOS 2003-2013,https://drive.google.com/file/d/1mevn_3GuKN5BCvWFLp74ib9RDMp1kIMr/view?usp=drivesdk,image/jpeg,3500,2333,1667138,2026:08:12 10:48:12,UNKNOWN,UNKNOWN,"scan artifact (GooglePhotoScan) - EXIF is scan date, needs visual dating",02 - OLD PHOTOS 2003-2013,UNKNOWN,UNKNOWN,UNKNOWN,UNKNOWN,UNKNOWN,UNKNOWN,UNKNOWN (scanned print - date TBD),UNKNOWN,GOOD,,,,,,,,,NOT_REVIEWED,
P275,808238906.425729.jpg,15 YEARS OF US/02 - OLD PHOTOS 2003-2013,https://drive.google.com/file/d/1Y_EiQP1SVqYYOatvarIgTEm6ZMMnl-v8/view?usp=drivesdk,image/jpeg,3500,2333,2116075,2026:08:12 10:48:26,UNKNOWN,UNKNOWN,"scan artifact (GooglePhotoScan) - EXIF is scan date, needs visual dating",02 - OLD PHOTOS 2003-2013,UNKNOWN,UNKNOWN,UNKNOWN,UNKNOWN,UNKNOWN,UNKNOWN,UNKNOWN (scanned print - date TBD),UNKNOWN,GOOD,,,,,,,,,NOT_REVIEWED,
P276,808238924.499419.jpg,15 YEARS OF US/02 - OLD PHOTOS 2003-2013,https://drive.google.com/file/d/16lSWJVETCNBVma_NnbNhl9G-V-fWm-U5/view?usp=drivesdk,image/jpeg,3500,2333,1713513,2026:08:12 10:48:44,UNKNOWN,UNKNOWN,"scan artifact (GooglePhotoScan) - EXIF is scan date, needs visual dating",02 - OLD PHOTOS 2003-2013,UNKNOWN,UNKNOWN,UNKNOWN,UNKNOWN,UNKNOWN,UNKNOWN,UNKNOWN (scanned print - date TBD),UNKNOWN,GOOD,,,,,,,,,NOT_REVIEWED,
P277,808238936.618748.jpg,15 YEARS OF US/02 - OLD PHOTOS 2003-2013,https://drive.google.com/file/d/1LzXTdFq08J1r71pxf9P9t-2Y8gSWA7cx/view?usp=drivesdk,image/jpeg,3500,2333,1853525,2026:08:12 10:48:56,UNKNOWN,UNKNOWN,"scan artifact (GooglePhotoScan) - EXIF is scan date, needs visual dating",02 - OLD PHOTOS 2003-2013,UNKNOWN,UNKNOWN,UNKNOWN,UNKNOWN,UNKNOWN,UNKNOWN,UNKNOWN (scanned print - date TBD),UNKNOWN,GOOD,,,,,,,,,NOT_REVIEWED,
P278,808238949.072203.jpg,15 YEARS OF US/02 - OLD PHOTOS 2003-2013,https://drive.google.com/file/d/1zExYKV5E3eJvz8Yen1bJjUqiebONYF5P/view?usp=drivesdk,image/jpeg,2333,3500,1750211,2026:08:12 10:49:09,UNKNOWN,UNKNOWN,"scan artifact (GooglePhotoScan) - EXIF is scan date, needs visual dating",02 - OLD PHOTOS 2003-2013,UNKNOWN,UNKNOWN,UNKNOWN,UNKNOWN,UNKNOWN,UNKNOWN,UNKNOWN (scanned print - date TBD),UNKNOWN,GOOD,,,,,,,,,NOT_REVIEWED,
P279,808239011.492808.jpg,15 YEARS OF US/02 - OLD PHOTOS 2003-2013,https://drive.google.com/file/d/1RfrD_qtSdKR6jYi_xX2ccqPT32dyJUtc/view?usp=drivesdk,image/jpeg,3500,2333,1914359,2026:08:12 10:50:11,UNKNOWN,UNKNOWN,"scan artifact (GooglePhotoScan) - EXIF is scan date, needs visual dating",02 - OLD PHOTOS 2003-2013,UNKNOWN,UNKNOWN,UNKNOWN,UNKNOWN,UNKNOWN,UNKNOWN,UNKNOWN (scanned print - date TBD),UNKNOWN,GOOD,,,,,,,,,NOT_REVIEWED,
P280,808239022.917723.jpg,15 YEARS OF US/02 - OLD PHOTOS 2003-2013,https://drive.google.com/file/d/1dDYsoKSq5weZi0KN4PIf69vkh64Ii2Ln/view?usp=drivesdk,image/jpeg,3500,1291,1344000,2026:08:12 10:50:22,UNKNOWN,UNKNOWN,"scan artifact (GooglePhotoScan) - EXIF is scan date, needs visual dating",02 - OLD PHOTOS 2003-2013,UNKNOWN,UNKNOWN,UNKNOWN,UNKNOWN,UNKNOWN,UNKNOWN,UNKNOWN (scanned print - date TBD),UNKNOWN,GOOD,,,,,,,,,NOT_REVIEWED,
P281,808239035.801425.jpg,15 YEARS OF US/02 - OLD PHOTOS 2003-2013,https://drive.google.com/file/d/1FZXNBgUffaR14oc74kdOhfw1i8SDMJdp/view?usp=drivesdk,image/jpeg,3500,2204,1819716,2026:08:12 10:50:35,UNKNOWN,UNKNOWN,"scan artifact (GooglePhotoScan) - EXIF is scan date, needs visual dating",02 - OLD PHOTOS 2003-2013,UNKNOWN,UNKNOWN,UNKNOWN,UNKNOWN,UNKNOWN,UNKNOWN,UNKNOWN (scanned print - date TBD),UNKNOWN,GOOD,,,,,,,,,NOT_REVIEWED,
P282,808239052.167260.jpg,15 YEARS OF US/02 - OLD PHOTOS 2003-2013,https://drive.google.com/file/d/1YWxX5QnylFpmnpIg-KLyj91HGLc5Tyht/view?usp=drivesdk,image/jpeg,3500,2333,1837071,2026:08:12 10:50:52,UNKNOWN,UNKNOWN,"scan artifact (GooglePhotoScan) - EXIF is scan date, needs visual dating",02 - OLD PHOTOS 2003-2013,UNKNOWN,UNKNOWN,UNKNOWN,UNKNOWN,UNKNOWN,UNKNOWN,UNKNOWN (scanned print - date TBD),UNKNOWN,GOOD,,,,,,,,,NOT_REVIEWED,
P283,808239109.843152.jpg,15 YEARS OF US/02 - OLD PHOTOS 2003-2013,https://drive.google.com/file/d/1DR7JNv-BX0OwtQg05NZ_6mMfFqRo4XYO/view?usp=drivesdk,image/jpeg,3500,2333,2217474,2026:08:12 10:51:49,UNKNOWN,UNKNOWN,"scan artifact (GooglePhotoScan) - EXIF is scan date, needs visual dating",02 - OLD PHOTOS 2003-2013,UNKNOWN,UNKNOWN,UNKNOWN,UNKNOWN,UNKNOWN,UNKNOWN,UNKNOWN (scanned print - date TBD),UNKNOWN,GOOD,,,,,,,,,NOT_REVIEWED,
P284,808239123.070162.jpg,15 YEARS OF US/02 - OLD PHOTOS 2003-2013,https://drive.google.com/file/d/1Dr-DN671cfe1_-vjKrGYz_RS5KpZyf1F/view?usp=drivesdk,image/jpeg,3500,2333,1672368,2026:08:12 10:52:03,UNKNOWN,UNKNOWN,"scan artifact (GooglePhotoScan) - EXIF is scan date, needs visual dating",02 - OLD PHOTOS 2003-2013,UNKNOWN,UNKNOWN,UNKNOWN,UNKNOWN,UNKNOWN,UNKNOWN,UNKNOWN (scanned print - date TBD),UNKNOWN,GOOD,,,,,,,,,NOT_REVIEWED,
P285,808239183.377415.jpg,15 YEARS OF US/02 - OLD PHOTOS 2003-2013,https://drive.google.com/file/d/1EahjFdwF8BxpXzsvUC6W2XcVOkVgbqpG/view?usp=drivesdk,image/jpeg,2333,3500,1859508,2026:08:12 10:53:03,UNKNOWN,UNKNOWN,"scan artifact (GooglePhotoScan) - EXIF is scan date, needs visual dating",02 - OLD PHOTOS 2003-2013,UNKNOWN,UNKNOWN,UNKNOWN,UNKNOWN,UNKNOWN,UNKNOWN,UNKNOWN (scanned print - date TBD),UNKNOWN,GOOD,,,,,,,,,NOT_REVIEWED,
P286,808239196.086460.jpg,15 YEARS OF US/02 - OLD PHOTOS 2003-2013,https://drive.google.com/file/d/1v0iot5z2fYcXflQAJGJFR-lvfXrXi-yj/view?usp=drivesdk,image/jpeg,3500,2333,2058635,2026:08:12 10:53:16,UNKNOWN,UNKNOWN,"scan artifact (GooglePhotoScan) - EXIF is scan date, needs visual dating",02 - OLD PHOTOS 2003-2013,UNKNOWN,UNKNOWN,UNKNOWN,UNKNOWN,UNKNOWN,UNKNOWN,UNKNOWN (scanned print - date TBD),UNKNOWN,GOOD,,,,,,,,,NOT_REVIEWED,
P287,808239231.091092.jpg,15 YEARS OF US/02 - OLD PHOTOS 2003-2013,https://drive.google.com/file/d/1SgG4giIRXF4C_m9S5sC6xIbpqNnbYRBF/view?usp=drivesdk,image/jpeg,3500,2333,2131665,2026:08:12 10:53:51,UNKNOWN,UNKNOWN,"scan artifact (GooglePhotoScan) - EXIF is scan date, needs visual dating",02 - OLD PHOTOS 2003-2013,UNKNOWN,UNKNOWN,UNKNOWN,UNKNOWN,UNKNOWN,UNKNOWN,UNKNOWN (scanned print - date TBD),UNKNOWN,GOOD,,,,,,,,,NOT_REVIEWED,
P288,808239243.695167.jpg,15 YEARS OF US/02 - OLD PHOTOS 2003-2013,https://drive.google.com/file/d/1u0k50EBaO7dd8cyMsehnefy-bEUY9F3-/view?usp=drivesdk,image/jpeg,3500,2333,1531348,2026:08:12 10:54:03,UNKNOWN,UNKNOWN,"scan artifact (GooglePhotoScan) - EXIF is scan date, needs visual dating",02 - OLD PHOTOS 2003-2013,UNKNOWN,UNKNOWN,UNKNOWN,UNKNOWN,UNKNOWN,UNKNOWN,UNKNOWN (scanned print - date TBD),UNKNOWN,USABLE (blown),,,,,,,,,NOT_REVIEWED,
P289,808239279.799816.jpg,15 YEARS OF US/02 - OLD PHOTOS 2003-2013,https://drive.google.com/file/d/1_fTupwc67paRh5g49dFF3LdSxa0PwvZm/view?usp=drivesdk,image/jpeg,3500,2333,1933593,2026:08:12 10:54:39,UNKNOWN,UNKNOWN,"scan artifact (GooglePhotoScan) - EXIF is scan date, needs visual dating",02 - OLD PHOTOS 2003-2013,UNKNOWN,UNKNOWN,UNKNOWN,UNKNOWN,UNKNOWN,UNKNOWN,UNKNOWN (scanned print - date TBD),UNKNOWN,GOOD,,,,,,,,,NOT_REVIEWED,
P290,808239292.267834.jpg,15 YEARS OF US/02 - OLD PHOTOS 2003-2013,https://drive.google.com/file/d/11FzBqHHi4iOmGiX0pmMBlSqWlVzi4zTE/view?usp=drivesdk,image/jpeg,3500,2333,2006148,2026:08:12 10:54:52,UNKNOWN,UNKNOWN,"scan artifact (GooglePhotoScan) - EXIF is scan date, needs visual dating",02 - OLD PHOTOS 2003-2013,UNKNOWN,UNKNOWN,UNKNOWN,UNKNOWN,UNKNOWN,UNKNOWN,UNKNOWN (scanned print - date TBD),UNKNOWN,GOOD,,,,,,,,,NOT_REVIEWED,
P291,808239309.753933.jpg,15 YEARS OF US/02 - OLD PHOTOS 2003-2013,https://drive.google.com/file/d/1QvHaU9wiicxHweLuMfu3WDXUVB1VTTTx/view?usp=drivesdk,image/jpeg,3500,2057,2054144,2026:08:12 10:55:09,UNKNOWN,UNKNOWN,"scan artifact (GooglePhotoScan) - EXIF is scan date, needs visual dating",02 - OLD PHOTOS 2003-2013,UNKNOWN,UNKNOWN,UNKNOWN,UNKNOWN,UNKNOWN,UNKNOWN,UNKNOWN (scanned print - date TBD),UNKNOWN,GOOD,,,,,,,,,NOT_REVIEWED,
P292,808239323.673235.jpg,15 YEARS OF US/02 - OLD PHOTOS 2003-2013,https://drive.google.com/file/d/1hnLrRuUU8s2KY-LrF_ZD1_rV6famEXRN/view?usp=drivesdk,image/jpeg,3500,2333,2020878,2026:08:12 10:55:23,UNKNOWN,UNKNOWN,"scan artifact (GooglePhotoScan) - EXIF is scan date, needs visual dating",02 - OLD PHOTOS 2003-2013,UNKNOWN,UNKNOWN,UNKNOWN,UNKNOWN,UNKNOWN,UNKNOWN,UNKNOWN (scanned print - date TBD),UNKNOWN,GOOD,,,,,,,,,NOT_REVIEWED,
P293,808239335.457386.jpg,15 YEARS OF US/02 - OLD PHOTOS 2003-2013,https://drive.google.com/file/d/1q3rW_K3RmxcC8C8XWaLUYtjbv_msD8sL/view?usp=drivesdk,image/jpeg,3500,2333,1868556,2026:08:12 10:55:35,UNKNOWN,UNKNOWN,"scan artifact (GooglePhotoScan) - EXIF is scan date, needs visual dating",02 - OLD PHOTOS 2003-2013,UNKNOWN,UNKNOWN,UNKNOWN,UNKNOWN,UNKNOWN,UNKNOWN,UNKNOWN (scanned print - date TBD),UNKNOWN,GOOD,,,,,,,,,NOT_REVIEWED,
P294,808239347.782889.jpg,15 YEARS OF US/02 - OLD PHOTOS 2003-2013,https://drive.google.com/file/d/1kBIrcfgSYXzwWHn1gbCXRewputQQtBCD/view?usp=drivesdk,image/jpeg,3500,2333,1925696,2026:08:12 10:55:47,UNKNOWN,UNKNOWN,"scan artifact (GooglePhotoScan) - EXIF is scan date, needs visual dating",02 - OLD PHOTOS 2003-2013,UNKNOWN,UNKNOWN,UNKNOWN,UNKNOWN,UNKNOWN,UNKNOWN,UNKNOWN (scanned print - date TBD),UNKNOWN,GOOD,,,,,,,,,NOT_REVIEWED,
P295,808239361.376166.jpg,15 YEARS OF US/02 - OLD PHOTOS 2003-2013,https://drive.google.com/file/d/12VCA-4n9FtuB8utcTc1zp6r0eqOFbSZb/view?usp=drivesdk,image/jpeg,3500,2333,1776062,2026:08:12 10:56:01,UNKNOWN,UNKNOWN,"scan artifact (GooglePhotoScan) - EXIF is scan date, needs visual dating",02 - OLD PHOTOS 2003-2013,UNKNOWN,UNKNOWN,UNKNOWN,UNKNOWN,UNKNOWN,UNKNOWN,UNKNOWN (scanned print - date TBD),UNKNOWN,GOOD,,,,,,,,,NOT_REVIEWED,
P296,808239377.107427.jpg,15 YEARS OF US/02 - OLD PHOTOS 2003-2013,https://drive.google.com/file/d/1AqQE1qIR7unkEbSkRXv43INwVfX-Cp4J/view?usp=drivesdk,image/jpeg,3500,2333,1822012,2026:08:12 10:56:17,UNKNOWN,UNKNOWN,"scan artifact (GooglePhotoScan) - EXIF is scan date, needs visual dating",02 - OLD PHOTOS 2003-2013,UNKNOWN,UNKNOWN,UNKNOWN,UNKNOWN,UNKNOWN,UNKNOWN,UNKNOWN (scanned print - date TBD),UNKNOWN,GOOD,,,,,,,,,NOT_REVIEWED,
P297,808239391.839077.jpg,15 YEARS OF US/02 - OLD PHOTOS 2003-2013,https://drive.google.com/file/d/1uvY0x3A5Rgz3orCw1MVGPWm-Qp-DRLv5/view?usp=drivesdk,image/jpeg,2333,3500,1790020,2026:08:12 10:56:31,UNKNOWN,UNKNOWN,"scan artifact (GooglePhotoScan) - EXIF is scan date, needs visual dating",02 - OLD PHOTOS 2003-2013,UNKNOWN,UNKNOWN,UNKNOWN,UNKNOWN,UNKNOWN,UNKNOWN,UNKNOWN (scanned print - date TBD),UNKNOWN,GOOD,,,,,,,,,NOT_REVIEWED,
P298,808239405.736296.jpg,15 YEARS OF US/02 - OLD PHOTOS 2003-2013,https://drive.google.com/file/d/1ngA757x2Pp7_-UHzskHJ0NsOjvnLP9K1/view?usp=drivesdk,image/jpeg,3500,2333,1787539,2026:08:12 10:56:45,UNKNOWN,UNKNOWN,"scan artifact (GooglePhotoScan) - EXIF is scan date, needs visual dating",02 - OLD PHOTOS 2003-2013,UNKNOWN,UNKNOWN,UNKNOWN,UNKNOWN,UNKNOWN,UNKNOWN,UNKNOWN (scanned print - date TBD),UNKNOWN,GOOD,,,,,,,,,NOT_REVIEWED,
P299,808239420.679957.jpg,15 YEARS OF US/02 - OLD PHOTOS 2003-2013,https://drive.google.com/file/d/194gE9ZkQLzJvXWNgRpwQDFzYtJBINnIl/view?usp=drivesdk,image/jpeg,2333,3500,2028432,2026:08:12 10:57:00,UNKNOWN,UNKNOWN,"scan artifact (GooglePhotoScan) - EXIF is scan date, needs visual dating",02 - OLD PHOTOS 2003-2013,UNKNOWN,UNKNOWN,UNKNOWN,UNKNOWN,UNKNOWN,UNKNOWN,UNKNOWN (scanned print - date TBD),UNKNOWN,GOOD,,,,,,,,,NOT_REVIEWED,
P300,808239442.755591.jpg,15 YEARS OF US/02 - OLD PHOTOS 2003-2013,https://drive.google.com/file/d/12YTbPK4gSIfY4xs1WpeG9wPYfE6Enx4K/view?usp=drivesdk,image/jpeg,3500,2333,2230417,2026:08:12 10:57:22,UNKNOWN,UNKNOWN,"scan artifact (GooglePhotoScan) - EXIF is scan date, needs visual dating",02 - OLD PHOTOS 2003-2013,UNKNOWN,UNKNOWN,UNKNOWN,UNKNOWN,UNKNOWN,UNKNOWN,UNKNOWN (scanned print - date TBD),UNKNOWN,GOOD,,,,,,,,,NOT_REVIEWED,
P301,808239458.301164.jpg,15 YEARS OF US/02 - OLD PHOTOS 2003-2013,https://drive.google.com/file/d/1P19lhtBEK4fy6UCe3IT-1kVLfNFnYiKE/view?usp=drivesdk,image/jpeg,3500,2333,1557037,2026:08:12 10:57:38,UNKNOWN,UNKNOWN,"scan artifact (GooglePhotoScan) - EXIF is scan date, needs visual dating",02 - OLD PHOTOS 2003-2013,UNKNOWN,UNKNOWN,UNKNOWN,UNKNOWN,UNKNOWN,UNKNOWN,UNKNOWN (scanned print - date TBD),UNKNOWN,GOOD,,,,,,,,,NOT_REVIEWED,
P302,808239481.006550.jpg,15 YEARS OF US/02 - OLD PHOTOS 2003-2013,https://drive.google.com/file/d/17YAGKRLcqNHZ7hVAHC7wPo4wZH68Ajz8/view?usp=drivesdk,image/jpeg,3500,2333,1856820,2026:08:12 10:58:01,UNKNOWN,UNKNOWN,"scan artifact (GooglePhotoScan) - EXIF is scan date, needs visual dating",02 - OLD PHOTOS 2003-2013,UNKNOWN,UNKNOWN,UNKNOWN,UNKNOWN,UNKNOWN,UNKNOWN,UNKNOWN (scanned print - date TBD),UNKNOWN,GOOD,,,,,,,,,NOT_REVIEWED,
P303,808239560.937909.jpg,15 YEARS OF US/02 - OLD PHOTOS 2003-2013,https://drive.google.com/file/d/1S47U4SKObdJwYrmZh6eFp3Gg1cwnAwGy/view?usp=drivesdk,image/jpeg,3500,2333,2114616,2026:08:12 10:59:20,UNKNOWN,UNKNOWN,"scan artifact (GooglePhotoScan) - EXIF is scan date, needs visual dating",02 - OLD PHOTOS 2003-2013,UNKNOWN,UNKNOWN,UNKNOWN,UNKNOWN,UNKNOWN,UNKNOWN,UNKNOWN (scanned print - date TBD),UNKNOWN,GOOD,,,,,,,,,NOT_REVIEWED,
P304,808239588.153181.jpg,15 YEARS OF US/02 - OLD PHOTOS 2003-2013,https://drive.google.com/file/d/1izv_znsOHxbxh7wZT3uA9pxzyZqX2yyz/view?usp=drivesdk,image/jpeg,3500,2333,1969236,2026:08:12 10:59:48,UNKNOWN,UNKNOWN,"scan artifact (GooglePhotoScan) - EXIF is scan date, needs visual dating",02 - OLD PHOTOS 2003-2013,UNKNOWN,UNKNOWN,UNKNOWN,UNKNOWN,UNKNOWN,UNKNOWN,UNKNOWN (scanned print - date TBD),UNKNOWN,GOOD,,,,,,,,,NOT_REVIEWED,
P305,808239601.920982.jpg,15 YEARS OF US/02 - OLD PHOTOS 2003-2013,https://drive.google.com/file/d/1hI4sUf5qUmeCJl-reLSRsw6DCGvD-cwB/view?usp=drivesdk,image/jpeg,2333,3500,2099389,2026:08:12 11:00:01,UNKNOWN,UNKNOWN,"scan artifact (GooglePhotoScan) - EXIF is scan date, needs visual dating",02 - OLD PHOTOS 2003-2013,UNKNOWN,UNKNOWN,UNKNOWN,UNKNOWN,UNKNOWN,UNKNOWN,UNKNOWN (scanned print - date TBD),UNKNOWN,GOOD,,,,,,,,,NOT_REVIEWED,
P306,808239616.215540.jpg,15 YEARS OF US/02 - OLD PHOTOS 2003-2013,https://drive.google.com/file/d/1BoDOPluYs_IHadXNlbdgz0KKu_jdGLcn/view?usp=drivesdk,image/jpeg,3500,2333,1786232,2026:08:12 11:00:16,UNKNOWN,UNKNOWN,"scan artifact (GooglePhotoScan) - EXIF is scan date, needs visual dating",02 - OLD PHOTOS 2003-2013,UNKNOWN,UNKNOWN,UNKNOWN,UNKNOWN,UNKNOWN,UNKNOWN,UNKNOWN (scanned print - date TBD),UNKNOWN,GOOD,,,,,,,,,NOT_REVIEWED,
P307,808239629.718935.jpg,15 YEARS OF US/02 - OLD PHOTOS 2003-2013,https://drive.google.com/file/d/1_H6iMP2FaOIuDjoS-JVt6GivkxpYLtzb/view?usp=drivesdk,image/jpeg,3500,2333,1495304,2026:08:12 11:00:29,UNKNOWN,UNKNOWN,"scan artifact (GooglePhotoScan) - EXIF is scan date, needs visual dating",02 - OLD PHOTOS 2003-2013,UNKNOWN,UNKNOWN,UNKNOWN,UNKNOWN,UNKNOWN,UNKNOWN,UNKNOWN (scanned print - date TBD),UNKNOWN,GOOD,,,,,,,,,NOT_REVIEWED,
P308,808239642.937949.jpg,15 YEARS OF US/02 - OLD PHOTOS 2003-2013,https://drive.google.com/file/d/1upI3JUPA_ZAXDVvE6iNiofU08hVe1ayo/view?usp=drivesdk,image/jpeg,3500,2333,1790474,2026:08:12 11:00:42,UNKNOWN,UNKNOWN,"scan artifact (GooglePhotoScan) - EXIF is scan date, needs visual dating",02 - OLD PHOTOS 2003-2013,UNKNOWN,UNKNOWN,UNKNOWN,UNKNOWN,UNKNOWN,UNKNOWN,UNKNOWN (scanned print - date TBD),UNKNOWN,GOOD,,,,,,,,,NOT_REVIEWED,
P309,808239656.282073.jpg,15 YEARS OF US/02 - OLD PHOTOS 2003-2013,https://drive.google.com/file/d/1Shih7poQH_TqSOFizvpDRJrpubJ8iFsX/view?usp=drivesdk,image/jpeg,3500,2333,2217858,2026:08:12 11:00:56,UNKNOWN,UNKNOWN,"scan artifact (GooglePhotoScan) - EXIF is scan date, needs visual dating",02 - OLD PHOTOS 2003-2013,UNKNOWN,UNKNOWN,UNKNOWN,UNKNOWN,UNKNOWN,UNKNOWN,UNKNOWN (scanned print - date TBD),UNKNOWN,GOOD,,,,,,,,,NOT_REVIEWED,
P310,808239670.703753.jpg,15 YEARS OF US/02 - OLD PHOTOS 2003-2013,https://drive.google.com/file/d/1nTphHmbelSpFESRQYSBFDVsv96Wo_hTW/view?usp=drivesdk,image/jpeg,3500,2333,1529067,2026:08:12 11:01:10,UNKNOWN,UNKNOWN,"scan artifact (GooglePhotoScan) - EXIF is scan date, needs visual dating",02 - OLD PHOTOS 2003-2013,UNKNOWN,UNKNOWN,UNKNOWN,UNKNOWN,UNKNOWN,UNKNOWN,UNKNOWN (scanned print - date TBD),UNKNOWN,GOOD,,,,,,,,,NOT_REVIEWED,
P311,808239684.499728.jpg,15 YEARS OF US/02 - OLD PHOTOS 2003-2013,https://drive.google.com/file/d/1lnrgOMkmijIXuHCqgwRF06iZl0fSC51L/view?usp=drivesdk,image/jpeg,3500,2333,1994219,2026:08:12 11:01:24,UNKNOWN,UNKNOWN,"scan artifact (GooglePhotoScan) - EXIF is scan date, needs visual dating",02 - OLD PHOTOS 2003-2013,UNKNOWN,UNKNOWN,UNKNOWN,UNKNOWN,UNKNOWN,UNKNOWN,UNKNOWN (scanned print - date TBD),UNKNOWN,GOOD,,,,,,,,,NOT_REVIEWED,
P312,808239698.118389.jpg,15 YEARS OF US/02 - OLD PHOTOS 2003-2013,https://drive.google.com/file/d/1f1sT85YNlPP3uVCmZqBWu2ioFZVx16oT/view?usp=drivesdk,image/jpeg,3500,2333,2217908,2026:08:12 11:01:38,UNKNOWN,UNKNOWN,"scan artifact (GooglePhotoScan) - EXIF is scan date, needs visual dating",02 - OLD PHOTOS 2003-2013,UNKNOWN,UNKNOWN,UNKNOWN,UNKNOWN,UNKNOWN,UNKNOWN,UNKNOWN (scanned print - date TBD),UNKNOWN,GOOD,,,,,,,,,NOT_REVIEWED,
P313,808239711.870569.jpg,15 YEARS OF US/02 - OLD PHOTOS 2003-2013,https://drive.google.com/file/d/1QJtBtEa5YxUw7Jwb-QdPJ-THkBLX2yc4/view?usp=drivesdk,image/jpeg,2333,3500,2024056,2026:08:12 11:01:51,UNKNOWN,UNKNOWN,"scan artifact (GooglePhotoScan) - EXIF is scan date, needs visual dating",02 - OLD PHOTOS 2003-2013,UNKNOWN,UNKNOWN,UNKNOWN,UNKNOWN,UNKNOWN,UNKNOWN,UNKNOWN (scanned print - date TBD),UNKNOWN,GOOD,,,,,,,,,NOT_REVIEWED,
P314,808239734.733836.jpg,15 YEARS OF US/02 - OLD PHOTOS 2003-2013,https://drive.google.com/file/d/16HYSf-IfsRKVB3hYzFUD7eS6kPVF0cO6/view?usp=drivesdk,image/jpeg,3500,2333,1677426,2026:08:12 11:02:14,UNKNOWN,UNKNOWN,"scan artifact (GooglePhotoScan) - EXIF is scan date, needs visual dating",02 - OLD PHOTOS 2003-2013,UNKNOWN,UNKNOWN,UNKNOWN,UNKNOWN,UNKNOWN,UNKNOWN,UNKNOWN (scanned print - date TBD),UNKNOWN,GOOD,,,,,,,,,NOT_REVIEWED,
P315,808239747.993646.jpg,15 YEARS OF US/02 - OLD PHOTOS 2003-2013,https://drive.google.com/file/d/13B6EbYdggroRKI8svjxb13Q0C6A3QZBv/view?usp=drivesdk,image/jpeg,2333,3500,1939868,2026:08:12 11:02:27,UNKNOWN,UNKNOWN,"scan artifact (GooglePhotoScan) - EXIF is scan date, needs visual dating",02 - OLD PHOTOS 2003-2013,UNKNOWN,UNKNOWN,UNKNOWN,UNKNOWN,UNKNOWN,UNKNOWN,UNKNOWN (scanned print - date TBD),UNKNOWN,GOOD,,,,,,,,,NOT_REVIEWED,
P316,808239766.828527.jpg,15 YEARS OF US/02 - OLD PHOTOS 2003-2013,https://drive.google.com/file/d/1Z6HAWPm_mwKkiXF2YxiQGCxZNKmW1KOl/view?usp=drivesdk,image/jpeg,2333,3500,1743208,2026:08:12 11:02:46,UNKNOWN,UNKNOWN,"scan artifact (GooglePhotoScan) - EXIF is scan date, needs visual dating",02 - OLD PHOTOS 2003-2013,UNKNOWN,UNKNOWN,UNKNOWN,UNKNOWN,UNKNOWN,UNKNOWN,UNKNOWN (scanned print - date TBD),UNKNOWN,GOOD,,,,,,,,,NOT_REVIEWED,
P317,IMG_0029.JPG,15 YEARS OF US/01- DIGITAL PHOTOS 2013-2026,https://drive.google.com/file/d/1entiin2I0fE52nhmG_bWW7a6fIT_GPUz/view?usp=drivesdk,image/jpeg,995,2048,342381,,UNKNOWN,UNKNOWN,none (EXIF stripped),01- DIGITAL PHOTOS 2013-2026,UNKNOWN,UNKNOWN,UNKNOWN,UNKNOWN,UNKNOWN,UNKNOWN,UNKNOWN,UNKNOWN,GOOD,,,,,,,,,NOT_REVIEWED,
P318,IMG_0301.JPG,15 YEARS OF US/01- DIGITAL PHOTOS 2013-2026,https://drive.google.com/file/d/1E045DwsIcNTtT1r-VMLKEnfDWmuJJhQa/view?usp=drivesdk,image/jpeg,995,2048,443999,,UNKNOWN,UNKNOWN,none (EXIF stripped),01- DIGITAL PHOTOS 2013-2026,UNKNOWN,UNKNOWN,UNKNOWN,UNKNOWN,UNKNOWN,UNKNOWN,UNKNOWN,UNKNOWN,GOOD,,NEAR_01,,,,,,,NOT_REVIEWED,
P319,IMG_0381.JPG,15 YEARS OF US/01- DIGITAL PHOTOS 2013-2026,https://drive.google.com/file/d/1nTwM6nbrZQZRb9NOgSqeY15OvKHKQpj1/view?usp=drivesdk,image/jpeg,2048,995,525513,,UNKNOWN,UNKNOWN,none (EXIF stripped),01- DIGITAL PHOTOS 2013-2026,UNKNOWN,UNKNOWN,UNKNOWN,UNKNOWN,UNKNOWN,UNKNOWN,UNKNOWN,UNKNOWN,GOOD,,,,,,,,,NOT_REVIEWED,
P320,IMG_0401.JPG,15 YEARS OF US/01- DIGITAL PHOTOS 2013-2026,https://drive.google.com/file/d/1JY3lQg-5Y23xm3vY_kxuVLg6fkCqzOWT/view?usp=drivesdk,image/jpeg,2048,1536,461994,,UNKNOWN,UNKNOWN,none (EXIF stripped),01- DIGITAL PHOTOS 2013-2026,UNKNOWN,UNKNOWN,UNKNOWN,UNKNOWN,UNKNOWN,UNKNOWN,UNKNOWN,UNKNOWN,GOOD,,,,,,,,,NOT_REVIEWED,
P321,IMG_0664.JPG,15 YEARS OF US/01- DIGITAL PHOTOS 2013-2026,https://drive.google.com/file/d/1NIGKkPqNo86bVGiyewRWT6_Uw2Pstc5x/view?usp=drivesdk,image/jpeg,1981,1960,745108,,UNKNOWN,UNKNOWN,none (EXIF stripped),01- DIGITAL PHOTOS 2013-2026,UNKNOWN,UNKNOWN,UNKNOWN,UNKNOWN,UNKNOWN,UNKNOWN,UNKNOWN,UNKNOWN,GOOD,,,,,,,,,NOT_REVIEWED,
P322,IMG_0749.JPG,15 YEARS OF US/01- DIGITAL PHOTOS 2013-2026,https://drive.google.com/file/d/1vNjWxRruqq6RJgRlzlJy0iIOwqFlv8py/view?usp=drivesdk,image/jpeg,1600,1066,395845,,UNKNOWN,UNKNOWN,none (EXIF stripped),01- DIGITAL PHOTOS 2013-2026,UNKNOWN,UNKNOWN,UNKNOWN,UNKNOWN,UNKNOWN,UNKNOWN,UNKNOWN,UNKNOWN,GOOD,,,,,,,,,NOT_REVIEWED,
P323,IMG_0869.JPG,15 YEARS OF US/01- DIGITAL PHOTOS 2013-2026,https://drive.google.com/file/d/1i7V3QRQA8W0GSCy32PKADxw-5M0qzxVm/view?usp=drivesdk,image/jpeg,1334,1000,368465,,UNKNOWN,UNKNOWN,none (EXIF stripped),01- DIGITAL PHOTOS 2013-2026,UNKNOWN,UNKNOWN,UNKNOWN,UNKNOWN,UNKNOWN,UNKNOWN,UNKNOWN,UNKNOWN,GOOD,,,,,,,,,NOT_REVIEWED,
P324,IMG_0886.JPG,15 YEARS OF US/01- DIGITAL PHOTOS 2013-2026,https://drive.google.com/file/d/1WWeBWTi71lNsdx5eY7aoC4VUjQYm3MzW/view?usp=drivesdk,image/jpeg,1000,1334,201097,,UNKNOWN,UNKNOWN,none (EXIF stripped),01- DIGITAL PHOTOS 2013-2026,UNKNOWN,UNKNOWN,UNKNOWN,UNKNOWN,UNKNOWN,UNKNOWN,UNKNOWN,UNKNOWN,GOOD,,,,,,,,,NOT_REVIEWED,
P325,IMG_0887.JPG,15 YEARS OF US/01- DIGITAL PHOTOS 2013-2026,https://drive.google.com/file/d/1XXP2mDUzHq9BSMNQI1ndKcap59KKSkiP/view?usp=drivesdk,image/jpeg,1172,1334,355338,,UNKNOWN,UNKNOWN,none (EXIF stripped),01- DIGITAL PHOTOS 2013-2026,UNKNOWN,UNKNOWN,UNKNOWN,UNKNOWN,UNKNOWN,UNKNOWN,UNKNOWN,UNKNOWN,GOOD,,,,,,,,,NOT_REVIEWED,
P326,IMG_0974.JPG,15 YEARS OF US/01- DIGITAL PHOTOS 2013-2026,https://drive.google.com/file/d/1y7OlhGrngEci8MJE_iBXcpXsrc6MmLu9/view?usp=drivesdk,image/jpeg,960,1280,322502,,UNKNOWN,UNKNOWN,none (EXIF stripped),01- DIGITAL PHOTOS 2013-2026,UNKNOWN,UNKNOWN,UNKNOWN,UNKNOWN,UNKNOWN,UNKNOWN,UNKNOWN,UNKNOWN,GOOD,,,,,,,,,NOT_REVIEWED,
P327,IMG_1090.JPG,15 YEARS OF US/01- DIGITAL PHOTOS 2013-2026,https://drive.google.com/file/d/1cQSBx_9l8bV_FccOLKBj2HI8j7DORt_v/view?usp=drivesdk,image/jpeg,618,1334,403272,,UNKNOWN,UNKNOWN,none (EXIF stripped),01- DIGITAL PHOTOS 2013-2026,UNKNOWN,UNKNOWN,UNKNOWN,UNKNOWN,UNKNOWN,UNKNOWN,UNKNOWN,UNKNOWN,GOOD,,,,,,,,,NOT_REVIEWED,
P328,IMG_1165.JPG,15 YEARS OF US/01- DIGITAL PHOTOS 2013-2026,https://drive.google.com/file/d/1OAUto2PctYhbZP758fFFhRWvR1cgJuxI/view?usp=drivesdk,image/jpeg,995,2048,454620,,UNKNOWN,UNKNOWN,none (EXIF stripped),01- DIGITAL PHOTOS 2013-2026,UNKNOWN,UNKNOWN,UNKNOWN,UNKNOWN,UNKNOWN,UNKNOWN,UNKNOWN,UNKNOWN,GOOD,,NEAR_01,,,,,,,NOT_REVIEWED,
P329,IMG_1173.JPG,15 YEARS OF US/01- DIGITAL PHOTOS 2013-2026,https://drive.google.com/file/d/1w5ac57OJWxVcMzjML82xOWPOEm_eNaJD/view?usp=drivesdk,image/jpeg,2048,1720,619554,,UNKNOWN,UNKNOWN,none (EXIF stripped),01- DIGITAL PHOTOS 2013-2026,UNKNOWN,UNKNOWN,UNKNOWN,UNKNOWN,UNKNOWN,UNKNOWN,UNKNOWN,UNKNOWN,GOOD,,,,,,,,,NOT_REVIEWED,
P330,IMG_1211.JPG,15 YEARS OF US/01- DIGITAL PHOTOS 2013-2026,https://drive.google.com/file/d/1s70uvxRQYNLgjjTwm-5RQ0A6TxIAxY57/view?usp=drivesdk,image/jpeg,1334,648,438620,,UNKNOWN,UNKNOWN,none (EXIF stripped),01- DIGITAL PHOTOS 2013-2026,UNKNOWN,UNKNOWN,UNKNOWN,UNKNOWN,UNKNOWN,UNKNOWN,UNKNOWN,UNKNOWN,GOOD,,,,,,,,,NOT_REVIEWED,
P331,IMG_1214.JPG,15 YEARS OF US/01- DIGITAL PHOTOS 2013-2026,https://drive.google.com/file/d/1meFchLlQWteUVmI4NFfQ_CHQiKsHX0sa/view?usp=drivesdk,image/jpeg,1334,1000,402583,,UNKNOWN,UNKNOWN,none (EXIF stripped),01- DIGITAL PHOTOS 2013-2026,UNKNOWN,UNKNOWN,UNKNOWN,UNKNOWN,UNKNOWN,UNKNOWN,UNKNOWN,UNKNOWN,GOOD,,,,,,,,,NOT_REVIEWED,
P332,IMG_1236.JPG,15 YEARS OF US/01- DIGITAL PHOTOS 2013-2026,https://drive.google.com/file/d/1CDJJ6E5hGlvRLlSlA8c7xXvCzFhxy9it/view?usp=drivesdk,image/jpeg,648,1334,258278,,UNKNOWN,UNKNOWN,none (EXIF stripped),01- DIGITAL PHOTOS 2013-2026,UNKNOWN,UNKNOWN,UNKNOWN,UNKNOWN,UNKNOWN,UNKNOWN,UNKNOWN,UNKNOWN,GOOD,,,,,,,,,NOT_REVIEWED,
P333,IMG_1252.JPG,15 YEARS OF US/01- DIGITAL PHOTOS 2013-2026,https://drive.google.com/file/d/1RhSnMGUgIcrcHo9BSD3VTzUeZf5P5K7q/view?usp=drivesdk,image/jpeg,867,1334,277546,,UNKNOWN,UNKNOWN,none (EXIF stripped),01- DIGITAL PHOTOS 2013-2026,UNKNOWN,UNKNOWN,UNKNOWN,UNKNOWN,UNKNOWN,UNKNOWN,UNKNOWN,UNKNOWN,GOOD,,,,,,,,,NOT_REVIEWED,
P334,IMG_1256.JPG,15 YEARS OF US/01- DIGITAL PHOTOS 2013-2026,https://drive.google.com/file/d/177ektrbfZO7HKDQjpjcifm2Sjv3RB937/view?usp=drivesdk,image/jpeg,1536,2304,764461,,UNKNOWN,UNKNOWN,none (EXIF stripped),01- DIGITAL PHOTOS 2013-2026,UNKNOWN,UNKNOWN,UNKNOWN,UNKNOWN,UNKNOWN,UNKNOWN,UNKNOWN,UNKNOWN,GOOD,,,,,,,,,NOT_REVIEWED,
P335,IMG_1259.JPG,15 YEARS OF US/01- DIGITAL PHOTOS 2013-2026,https://drive.google.com/file/d/1AELfppvZMdqk7LV9n5GGyaVuGg4V5jT0/view?usp=drivesdk,image/jpeg,634,1138,164570,,UNKNOWN,UNKNOWN,none (EXIF stripped),01- DIGITAL PHOTOS 2013-2026,UNKNOWN,UNKNOWN,UNKNOWN,UNKNOWN,UNKNOWN,UNKNOWN,UNKNOWN,UNKNOWN,GOOD,,,,,,,,,NOT_REVIEWED,
P336,IMG_1260.JPG,15 YEARS OF US/01- DIGITAL PHOTOS 2013-2026,https://drive.google.com/file/d/1-oL5x6od4Rhfaka32iWvF_s9xlEE0gfU/view?usp=drivesdk,image/jpeg,2048,1536,675772,,UNKNOWN,UNKNOWN,none (EXIF stripped),01- DIGITAL PHOTOS 2013-2026,UNKNOWN,UNKNOWN,UNKNOWN,UNKNOWN,UNKNOWN,UNKNOWN,UNKNOWN,UNKNOWN,GOOD,,,,,,,,,NOT_REVIEWED,
P337,IMG_1262.JPG,15 YEARS OF US/01- DIGITAL PHOTOS 2013-2026,https://drive.google.com/file/d/1WduTlEB4_AX0nuao-ETprVxb1gPw_DSz/view?usp=drivesdk,image/jpeg,1334,1161,449667,,UNKNOWN,UNKNOWN,none (EXIF stripped),01- DIGITAL PHOTOS 2013-2026,UNKNOWN,UNKNOWN,UNKNOWN,UNKNOWN,UNKNOWN,UNKNOWN,UNKNOWN,UNKNOWN,GOOD,,,,,,,,,NOT_REVIEWED,
P338,IMG_1274.JPG,15 YEARS OF US/01- DIGITAL PHOTOS 2013-2026,https://drive.google.com/file/d/16Tt4vIayDk3W29pE7UeqNwQ_t_PwX_Gr/view?usp=drivesdk,image/jpeg,1536,2048,499734,,UNKNOWN,UNKNOWN,none (EXIF stripped),01- DIGITAL PHOTOS 2013-2026,UNKNOWN,UNKNOWN,UNKNOWN,UNKNOWN,UNKNOWN,UNKNOWN,UNKNOWN,UNKNOWN,GOOD,,,,,,,,,NOT_REVIEWED,
P339,IMG_1290.JPG,15 YEARS OF US/01- DIGITAL PHOTOS 2013-2026,https://drive.google.com/file/d/1KyK1wXODY_II3cSQut1Javk-zaCur2lg/view?usp=drivesdk,image/jpeg,2048,1536,521206,,UNKNOWN,UNKNOWN,none (EXIF stripped),01- DIGITAL PHOTOS 2013-2026,UNKNOWN,UNKNOWN,UNKNOWN,UNKNOWN,UNKNOWN,UNKNOWN,UNKNOWN,UNKNOWN,GOOD,,,,,,,,,NOT_REVIEWED,
P340,IMG_1360.JPG,15 YEARS OF US/01- DIGITAL PHOTOS 2013-2026,https://drive.google.com/file/d/1hAWYGIvD_JxzDwf2S9ABg9XsJqcB1tAK/view?usp=drivesdk,image/jpeg,2048,995,493130,,UNKNOWN,UNKNOWN,none (EXIF stripped),01- DIGITAL PHOTOS 2013-2026,UNKNOWN,UNKNOWN,UNKNOWN,UNKNOWN,UNKNOWN,UNKNOWN,UNKNOWN,UNKNOWN,GOOD,,,,,,,,,NOT_REVIEWED,
P341,IMG_1381.JPG,15 YEARS OF US/01- DIGITAL PHOTOS 2013-2026,https://drive.google.com/file/d/1jIkPTpZq6Bd8WAicx93OgQmngJyeFbu6/view?usp=drivesdk,image/jpeg,648,1334,171790,,UNKNOWN,UNKNOWN,none (EXIF stripped),01- DIGITAL PHOTOS 2013-2026,UNKNOWN,UNKNOWN,UNKNOWN,UNKNOWN,UNKNOWN,UNKNOWN,UNKNOWN,UNKNOWN,GOOD,,,,,,,,,NOT_REVIEWED,
P342,IMG_1389.JPG,15 YEARS OF US/01- DIGITAL PHOTOS 2013-2026,https://drive.google.com/file/d/1qvnwAY4B-cEPuZMUH2Sm7oG_yonk9siB/view?usp=drivesdk,image/jpeg,712,1062,225287,,UNKNOWN,UNKNOWN,none (EXIF stripped),01- DIGITAL PHOTOS 2013-2026,UNKNOWN,UNKNOWN,UNKNOWN,UNKNOWN,UNKNOWN,UNKNOWN,UNKNOWN,UNKNOWN,GOOD,,,,,,,,,NOT_REVIEWED,
P343,IMG_1428.JPG,15 YEARS OF US/01- DIGITAL PHOTOS 2013-2026,https://drive.google.com/file/d/1mjW6ayt5QA_drkSQsoNMpCZPB_3d3vsi/view?usp=drivesdk,image/jpeg,1536,2048,734125,,UNKNOWN,UNKNOWN,none (EXIF stripped),01- DIGITAL PHOTOS 2013-2026,UNKNOWN,UNKNOWN,UNKNOWN,UNKNOWN,UNKNOWN,UNKNOWN,UNKNOWN,UNKNOWN,GOOD,,,,,,,,,NOT_REVIEWED,
P344,IMG_1459.JPG,15 YEARS OF US/01- DIGITAL PHOTOS 2013-2026,https://drive.google.com/file/d/1lRkvOcMMLftZa-QCdqD-tj-n8mfICHCe/view?usp=drivesdk,image/jpeg,864,1152,232949,,UNKNOWN,UNKNOWN,none (EXIF stripped),01- DIGITAL PHOTOS 2013-2026,UNKNOWN,UNKNOWN,UNKNOWN,UNKNOWN,UNKNOWN,UNKNOWN,UNKNOWN,UNKNOWN,GOOD,,,,,,,,,NOT_REVIEWED,
P345,IMG_1468.JPG,15 YEARS OF US/01- DIGITAL PHOTOS 2013-2026,https://drive.google.com/file/d/1xmxwOzJ8F3v7kJXhkACKHTtiaQS0Oq_w/view?usp=drivesdk,image/jpeg,2049,1537,931104,,UNKNOWN,UNKNOWN,none (EXIF stripped),01- DIGITAL PHOTOS 2013-2026,UNKNOWN,UNKNOWN,UNKNOWN,UNKNOWN,UNKNOWN,UNKNOWN,UNKNOWN,UNKNOWN,GOOD,,,,,,,,,NOT_REVIEWED,
P346,IMG_1475.JPG,15 YEARS OF US/01- DIGITAL PHOTOS 2013-2026,https://drive.google.com/file/d/1K0CUqUXy5FEsjQN1Fu81cLX1H28P8nSn/view?usp=drivesdk,image/jpeg,2048,1792,641645,,UNKNOWN,UNKNOWN,none (EXIF stripped),01- DIGITAL PHOTOS 2013-2026,UNKNOWN,UNKNOWN,UNKNOWN,UNKNOWN,UNKNOWN,UNKNOWN,UNKNOWN,UNKNOWN,GOOD,,,,,,,,,NOT_REVIEWED,
P347,IMG_1497.JPG,15 YEARS OF US/01- DIGITAL PHOTOS 2013-2026,https://drive.google.com/file/d/1-bKmBMQ3KFwk80ZSo8_MfAZqLTajakUt/view?usp=drivesdk,image/jpeg,1151,2048,549910,,UNKNOWN,UNKNOWN,none (EXIF stripped),01- DIGITAL PHOTOS 2013-2026,UNKNOWN,UNKNOWN,UNKNOWN,UNKNOWN,UNKNOWN,UNKNOWN,UNKNOWN,UNKNOWN,GOOD,,,,,,,,,NOT_REVIEWED,
P348,IMG_1542.JPG,15 YEARS OF US/01- DIGITAL PHOTOS 2013-2026,https://drive.google.com/file/d/1KgqbSUbWfoQ7NkxbCCKQjRJpJGqSJKVH/view?usp=drivesdk,image/jpeg,2048,1304,492614,,UNKNOWN,UNKNOWN,none (EXIF stripped),01- DIGITAL PHOTOS 2013-2026,UNKNOWN,UNKNOWN,UNKNOWN,UNKNOWN,UNKNOWN,UNKNOWN,UNKNOWN,UNKNOWN,GOOD,,,,,,,,,NOT_REVIEWED,
P349,IMG_1557.JPG,15 YEARS OF US/01- DIGITAL PHOTOS 2013-2026,https://drive.google.com/file/d/12NUUFyB68uqlGiBbluw8ITMxv4MK082K/view?usp=drivesdk,image/jpeg,2048,995,332728,,UNKNOWN,UNKNOWN,none (EXIF stripped),01- DIGITAL PHOTOS 2013-2026,UNKNOWN,UNKNOWN,UNKNOWN,UNKNOWN,UNKNOWN,UNKNOWN,UNKNOWN,UNKNOWN,GOOD,,,,,,,,,NOT_REVIEWED,
P350,IMG_1562.JPG,15 YEARS OF US/01- DIGITAL PHOTOS 2013-2026,https://drive.google.com/file/d/1ijrZ-j9U5E6eq54hnjxPzCZloCkhYnfd/view?usp=drivesdk,image/jpeg,2048,1536,527558,,UNKNOWN,UNKNOWN,none (EXIF stripped),01- DIGITAL PHOTOS 2013-2026,UNKNOWN,UNKNOWN,UNKNOWN,UNKNOWN,UNKNOWN,UNKNOWN,UNKNOWN,UNKNOWN,GOOD,,,,,,,,,NOT_REVIEWED,
P351,IMG_1563.JPG,15 YEARS OF US/01- DIGITAL PHOTOS 2013-2026,https://drive.google.com/file/d/1bCdLeG1iwyDH1jkhcBexPzfM9RzR-uV5/view?usp=drivesdk,image/jpeg,1111,2048,609263,,UNKNOWN,UNKNOWN,none (EXIF stripped),01- DIGITAL PHOTOS 2013-2026,UNKNOWN,UNKNOWN,UNKNOWN,UNKNOWN,UNKNOWN,UNKNOWN,UNKNOWN,UNKNOWN,GOOD,,,,,,,,,NOT_REVIEWED,
P352,IMG_1575.JPG,15 YEARS OF US/01- DIGITAL PHOTOS 2013-2026,https://drive.google.com/file/d/1RrzwTLddrJlStFMEuA_SC5ViYeFR6-g9/view?usp=drivesdk,image/jpeg,1334,648,279943,,UNKNOWN,UNKNOWN,none (EXIF stripped),01- DIGITAL PHOTOS 2013-2026,UNKNOWN,UNKNOWN,UNKNOWN,UNKNOWN,UNKNOWN,UNKNOWN,UNKNOWN,UNKNOWN,GOOD,,,,,,,,,NOT_REVIEWED,
P353,IMG_1686.JPG,15 YEARS OF US/01- DIGITAL PHOTOS 2013-2026,https://drive.google.com/file/d/1oZfqF1lXl0f-dne52xitEYLJdasZKI3M/view?usp=drivesdk,image/jpeg,995,2048,247317,,UNKNOWN,UNKNOWN,none (EXIF stripped),01- DIGITAL PHOTOS 2013-2026,UNKNOWN,UNKNOWN,UNKNOWN,UNKNOWN,UNKNOWN,UNKNOWN,UNKNOWN,UNKNOWN,GOOD,,,,,,,,,NOT_REVIEWED,
P354,IMG_1705.JPG,15 YEARS OF US/01- DIGITAL PHOTOS 2013-2026,https://drive.google.com/file/d/1YKy8PDazcEupMOHMHtipSDYbapjZNReR/view?usp=drivesdk,image/jpeg,648,1334,554489,,UNKNOWN,UNKNOWN,none (EXIF stripped),01- DIGITAL PHOTOS 2013-2026,UNKNOWN,UNKNOWN,UNKNOWN,UNKNOWN,UNKNOWN,UNKNOWN,UNKNOWN,UNKNOWN,GOOD,,,,,,,,,NOT_REVIEWED,
P355,IMG_1706.JPG,15 YEARS OF US/01- DIGITAL PHOTOS 2013-2026,https://drive.google.com/file/d/1cXq2jPKVNnRWLP4-oTGAkOUIye9RRGrC/view?usp=drivesdk,image/jpeg,648,1334,642822,,UNKNOWN,UNKNOWN,none (EXIF stripped),01- DIGITAL PHOTOS 2013-2026,UNKNOWN,UNKNOWN,UNKNOWN,UNKNOWN,UNKNOWN,UNKNOWN,UNKNOWN,UNKNOWN,GOOD,,,,,,,,,NOT_REVIEWED,
P356,IMG_1711.JPG,15 YEARS OF US/01- DIGITAL PHOTOS 2013-2026,https://drive.google.com/file/d/1OZQ5jCuhHQ_wJSenUsBm4gBrWp7onjBX/view?usp=drivesdk,image/jpeg,995,2048,262667,,UNKNOWN,UNKNOWN,none (EXIF stripped),01- DIGITAL PHOTOS 2013-2026,UNKNOWN,UNKNOWN,UNKNOWN,UNKNOWN,UNKNOWN,UNKNOWN,UNKNOWN,UNKNOWN,GOOD,,,,,,,,,NOT_REVIEWED,
P357,IMG_1752.JPG,15 YEARS OF US/01- DIGITAL PHOTOS 2013-2026,https://drive.google.com/file/d/1nRN9TCDusAvgXYH2mTutwwKp8RHsooRv/view?usp=drivesdk,image/jpeg,648,1334,234626,,UNKNOWN,UNKNOWN,none (EXIF stripped),01- DIGITAL PHOTOS 2013-2026,UNKNOWN,UNKNOWN,UNKNOWN,UNKNOWN,UNKNOWN,UNKNOWN,UNKNOWN,UNKNOWN,GOOD,,,,,,,,,NOT_REVIEWED,
P358,IMG_1844.JPG,15 YEARS OF US/01- DIGITAL PHOTOS 2013-2026,https://drive.google.com/file/d/1UiFXv7awlJeayQlaVcLLBwgLP2Pm22Dg/view?usp=drivesdk,image/jpeg,1360,2048,1129751,,UNKNOWN,UNKNOWN,none (EXIF stripped),01- DIGITAL PHOTOS 2013-2026,UNKNOWN,UNKNOWN,UNKNOWN,UNKNOWN,UNKNOWN,UNKNOWN,UNKNOWN,UNKNOWN,GOOD,,,,,,,,,NOT_REVIEWED,
P359,IMG_1853.JPG,15 YEARS OF US/01- DIGITAL PHOTOS 2013-2026,https://drive.google.com/file/d/1IVMQXMJPEqzQ4nyLIpvvuegTNHRNtzCD/view?usp=drivesdk,image/jpeg,2048,1650,747792,,UNKNOWN,UNKNOWN,none (EXIF stripped),01- DIGITAL PHOTOS 2013-2026,UNKNOWN,UNKNOWN,UNKNOWN,UNKNOWN,UNKNOWN,UNKNOWN,UNKNOWN,UNKNOWN,GOOD,,,,,,,,,NOT_REVIEWED,
P360,IMG_1934.JPG,15 YEARS OF US/01- DIGITAL PHOTOS 2013-2026,https://drive.google.com/file/d/1895rU6wkli_jCsTYOdQk5pVKd1AS-PsY/view?usp=drivesdk,image/jpeg,2048,995,299568,,UNKNOWN,UNKNOWN,none (EXIF stripped),01- DIGITAL PHOTOS 2013-2026,UNKNOWN,UNKNOWN,UNKNOWN,UNKNOWN,UNKNOWN,UNKNOWN,UNKNOWN,UNKNOWN,GOOD,,,,,,,,,NOT_REVIEWED,
P361,IMG_1934.JPG,15 YEARS OF US/01- DIGITAL PHOTOS 2013-2026,https://drive.google.com/file/d/1jbuGUeXtlZkcuHqToPfQa98TFF22IVIe/view?usp=drivesdk,image/jpeg,1334,1057,543497,,UNKNOWN,UNKNOWN,none (EXIF stripped),01- DIGITAL PHOTOS 2013-2026,UNKNOWN,UNKNOWN,UNKNOWN,UNKNOWN,UNKNOWN,UNKNOWN,UNKNOWN,UNKNOWN,GOOD,,,,,,,,,NOT_REVIEWED,
P362,IMG_1937.JPG,15 YEARS OF US/01- DIGITAL PHOTOS 2013-2026,https://drive.google.com/file/d/19q9akVygrYsdBM7BRRse5IXFgMyrW_IY/view?usp=drivesdk,image/jpeg,995,2048,385570,,UNKNOWN,UNKNOWN,none (EXIF stripped),01- DIGITAL PHOTOS 2013-2026,UNKNOWN,UNKNOWN,UNKNOWN,UNKNOWN,UNKNOWN,UNKNOWN,UNKNOWN,UNKNOWN,GOOD,,,,,,,,,NOT_REVIEWED,
P363,IMG_1952.JPG,15 YEARS OF US/01- DIGITAL PHOTOS 2013-2026,https://drive.google.com/file/d/1E_OkXkVycam2Qyw6FAZZjUIHIGvQSbNG/view?usp=drivesdk,image/jpeg,995,2048,505993,,UNKNOWN,UNKNOWN,none (EXIF stripped),01- DIGITAL PHOTOS 2013-2026,UNKNOWN,UNKNOWN,UNKNOWN,UNKNOWN,UNKNOWN,UNKNOWN,UNKNOWN,UNKNOWN,GOOD,,,,,,,,,NOT_REVIEWED,
P364,IMG_1958.JPG,15 YEARS OF US/01- DIGITAL PHOTOS 2013-2026,https://drive.google.com/file/d/13KqbD3_ATj8cSz10Y8RuQRbXKD3ucg_I/view?usp=drivesdk,image/jpeg,995,2048,486355,,UNKNOWN,UNKNOWN,none (EXIF stripped),01- DIGITAL PHOTOS 2013-2026,UNKNOWN,UNKNOWN,UNKNOWN,UNKNOWN,UNKNOWN,UNKNOWN,UNKNOWN,UNKNOWN,GOOD,,,,,,,,,NOT_REVIEWED,
P365,IMG_1959.JPG,15 YEARS OF US/01- DIGITAL PHOTOS 2013-2026,https://drive.google.com/file/d/1fFNfD_5zDr5quAh-BpxUW7Hc07lW9Z48/view?usp=drivesdk,image/jpeg,2048,877,648613,,UNKNOWN,UNKNOWN,none (EXIF stripped),01- DIGITAL PHOTOS 2013-2026,UNKNOWN,UNKNOWN,UNKNOWN,UNKNOWN,UNKNOWN,UNKNOWN,UNKNOWN,UNKNOWN,GOOD,,,,,,,,,NOT_REVIEWED,
P366,IMG_2069.JPG,15 YEARS OF US/01- DIGITAL PHOTOS 2013-2026,https://drive.google.com/file/d/1D3WxhhLXWymc5WGlU_g9cb50hnI77sde/view?usp=drivesdk,image/jpeg,913,2048,694337,,UNKNOWN,UNKNOWN,none (EXIF stripped),01- DIGITAL PHOTOS 2013-2026,UNKNOWN,UNKNOWN,UNKNOWN,UNKNOWN,UNKNOWN,UNKNOWN,UNKNOWN,UNKNOWN,GOOD,,,,,,,,,NOT_REVIEWED,
P367,IMG_2070.JPG,15 YEARS OF US/01- DIGITAL PHOTOS 2013-2026,https://drive.google.com/file/d/1kKvcQZOWd3SIyGE8E4gUmqDk9gBseUkU/view?usp=drivesdk,image/jpeg,1331,2048,791607,,UNKNOWN,UNKNOWN,none (EXIF stripped),01- DIGITAL PHOTOS 2013-2026,UNKNOWN,UNKNOWN,UNKNOWN,UNKNOWN,UNKNOWN,UNKNOWN,UNKNOWN,UNKNOWN,GOOD,,,,,,,,,NOT_REVIEWED,
P368,IMG_2086.JPG,15 YEARS OF US/01- DIGITAL PHOTOS 2013-2026,https://drive.google.com/file/d/1vaM9Oieu38rRaIAa--U5gjQ3ISNJoZ1u/view?usp=drivesdk,image/jpeg,2048,1052,452720,,UNKNOWN,UNKNOWN,none (EXIF stripped),01- DIGITAL PHOTOS 2013-2026,UNKNOWN,UNKNOWN,UNKNOWN,UNKNOWN,UNKNOWN,UNKNOWN,UNKNOWN,UNKNOWN,GOOD,,,,,,,,,NOT_REVIEWED,
P369,IMG_2108.JPG,15 YEARS OF US/01- DIGITAL PHOTOS 2013-2026,https://drive.google.com/file/d/1t3RrHcUXkI0WV-oNaUX3aDMLRG0skK_h/view?usp=drivesdk,image/jpeg,995,2048,353060,,UNKNOWN,UNKNOWN,none (EXIF stripped),01- DIGITAL PHOTOS 2013-2026,UNKNOWN,UNKNOWN,UNKNOWN,UNKNOWN,UNKNOWN,UNKNOWN,UNKNOWN,UNKNOWN,GOOD,,,,,,,,,NOT_REVIEWED,
P370,IMG_2111.JPG,15 YEARS OF US/01- DIGITAL PHOTOS 2013-2026,https://drive.google.com/file/d/1gBhI7ch0J4BDjOFCgyOm_m5_xIntNn15/view?usp=drivesdk,image/jpeg,995,2048,378586,,UNKNOWN,UNKNOWN,none (EXIF stripped),01- DIGITAL PHOTOS 2013-2026,UNKNOWN,UNKNOWN,UNKNOWN,UNKNOWN,UNKNOWN,UNKNOWN,UNKNOWN,UNKNOWN,GOOD,,,,,,,,,NOT_REVIEWED,
P371,IMG_2398.JPG,15 YEARS OF US/01- DIGITAL PHOTOS 2013-2026,https://drive.google.com/file/d/1Nv5-eyVLOAVZ4lREaTKZ4RBhOPqElaNV/view?usp=drivesdk,image/jpeg,1179,1180,659984,,UNKNOWN,UNKNOWN,none (EXIF stripped),01- DIGITAL PHOTOS 2013-2026,UNKNOWN,UNKNOWN,UNKNOWN,UNKNOWN,UNKNOWN,UNKNOWN,UNKNOWN,UNKNOWN,GOOD,,,,,,,,,NOT_REVIEWED,
P372,IMG_6149.JPG,15 YEARS OF US/01- DIGITAL PHOTOS 2013-2026,https://drive.google.com/file/d/1_s_MD8hwWyEFCaKa9LdPbi8adwNfSZfp/view?usp=drivesdk,image/jpeg,2304,1536,1065112,,UNKNOWN,UNKNOWN,none (EXIF stripped),01- DIGITAL PHOTOS 2013-2026,UNKNOWN,UNKNOWN,UNKNOWN,UNKNOWN,UNKNOWN,UNKNOWN,UNKNOWN,UNKNOWN,GOOD,,,,,,,,,NOT_REVIEWED,
P373,IMG_6213.JPG,15 YEARS OF US/01- DIGITAL PHOTOS 2013-2026,https://drive.google.com/file/d/1w0XY3YLSO0Ni6ZccQpf9Q3qbLCA2W4Pb/view?usp=drivesdk,image/jpeg,1732,992,885288,,UNKNOWN,UNKNOWN,none (EXIF stripped),01- DIGITAL PHOTOS 2013-2026,UNKNOWN,UNKNOWN,UNKNOWN,UNKNOWN,UNKNOWN,UNKNOWN,UNKNOWN,UNKNOWN,GOOD,,,,,,,,,NOT_REVIEWED,
P374,IMG_6258.JPG,15 YEARS OF US/01- DIGITAL PHOTOS 2013-2026,https://drive.google.com/file/d/10ZJxePZYwFfIQbhmQvyaSaWVLv1F2n7i/view?usp=drivesdk,image/jpeg,2304,1536,1208473,,UNKNOWN,UNKNOWN,none (EXIF stripped),01- DIGITAL PHOTOS 2013-2026,UNKNOWN,UNKNOWN,UNKNOWN,UNKNOWN,UNKNOWN,UNKNOWN,UNKNOWN,UNKNOWN,GOOD,,,,,,,,,NOT_REVIEWED,
P375,IMG_6777.JPG,15 YEARS OF US/01- DIGITAL PHOTOS 2013-2026,https://drive.google.com/file/d/1cFb6cXqBfczSONFotgrXY27ccSSznd7-/view?usp=drivesdk,image/jpeg,1536,2304,388368,,UNKNOWN,UNKNOWN,none (EXIF stripped),01- DIGITAL PHOTOS 2013-2026,UNKNOWN,UNKNOWN,UNKNOWN,UNKNOWN,UNKNOWN,UNKNOWN,UNKNOWN,UNKNOWN,USABLE (blown),,,,,,,,,NOT_REVIEWED,
P376,IMG_7293.JPG,15 YEARS OF US/01- DIGITAL PHOTOS 2013-2026,https://drive.google.com/file/d/19Sx33fNKJcbLenzglEYifpDoNK4gkL_I/view?usp=drivesdk,image/jpeg,880,1168,346827,,UNKNOWN,UNKNOWN,none (EXIF stripped),01- DIGITAL PHOTOS 2013-2026,UNKNOWN,UNKNOWN,UNKNOWN,UNKNOWN,UNKNOWN,UNKNOWN,UNKNOWN,UNKNOWN,GOOD,,,,,,,,,NOT_REVIEWED,
P377,allQ4OmlEKkURq Gos5akCCRl9UiH  IMG 0857.JPG,15 YEARS OF US/UNKNOWN,,image/jpeg,2048,1365,463109,,UNKNOWN,UNKNOWN,none (EXIF stripped),UNKNOWN,UNKNOWN,UNKNOWN,UNKNOWN,UNKNOWN,UNKNOWN,UNKNOWN,UNKNOWN,UNKNOWN,GOOD,,,,,,,,,NOT_REVIEWED,
P378,image.JPG,15 YEARS OF US/01- DIGITAL PHOTOS 2013-2026,https://drive.google.com/file/d/17NAlf_21dFlLi62FLsiaLx63wxvncL0y/view?usp=drivesdk,image/jpeg,2048,1538,1279084,,UNKNOWN,UNKNOWN,none (EXIF stripped),01- DIGITAL PHOTOS 2013-2026,UNKNOWN,UNKNOWN,UNKNOWN,UNKNOWN,UNKNOWN,UNKNOWN,UNKNOWN,UNKNOWN,GOOD,,,,,,,,,NOT_REVIEWED,
P379,image.JPG,15 YEARS OF US/01- DIGITAL PHOTOS 2013-2026,https://drive.google.com/file/d/1ASt1Ugf3tM1kWrH1lv5jOmnIqlyk9E44/view?usp=drivesdk,image/jpeg,2048,1536,1419238,,UNKNOWN,UNKNOWN,none (EXIF stripped),01- DIGITAL PHOTOS 2013-2026,UNKNOWN,UNKNOWN,UNKNOWN,UNKNOWN,UNKNOWN,UNKNOWN,UNKNOWN,UNKNOWN,GOOD,,,,,,,,,NOT_REVIEWED,
P380,image000000.JPG,15 YEARS OF US/01- DIGITAL PHOTOS 2013-2026,https://drive.google.com/file/d/17GUtB2npF7ag-i7u-drwRWXbuU67ncyK/view?usp=drivesdk,image/jpeg,1199,1599,408499,,UNKNOWN,UNKNOWN,none (EXIF stripped),01- DIGITAL PHOTOS 2013-2026,UNKNOWN,UNKNOWN,UNKNOWN,UNKNOWN,UNKNOWN,UNKNOWN,UNKNOWN,UNKNOWN,GOOD,,,,,,,,,NOT_REVIEWED,
